"","Year","N_ID","Pop","C_Rate","Ad_Ed","Child_Care","Com_House","Emp_Res","Sub_Trt","Trans_House","Recreation","Inflation","NIA"
"1",2014,97,11197.3333774508,"Very Low",0,0,0,0,0,0,0,1.91,0
"2",2014,27,25528.8877490689,"High",0,0,4,1,0,0,0,1.91,1
"3",2014,38,14298.6677529105,"Medium",0,0,0,1,0,0,0,1.91,0
"4",2014,31,13508.4438283393,"High",0,0,48,0,0,0,0,1.91,0
"5",2014,16,22787.5575665682,"Low",0,46,0,0,0,0,0,1.91,0
"6",2014,118,25097.7771136128,"Low",0,0,15,0,0,0,0,1.91,0
"7",2014,63,19590.2216995033,"Medium",0,0,26,0,0,0,0,1.91,0
"8",2014,3,9406.22189055884,"Medium",0,60,30,0,0,0,0,1.91,1
"9",2014,55,18666.6663805548,"Very Low",0,0,1,1,0,0,0,1.91,1
"10",2014,59,15581.3326919068,"Very Low",0,0,6,0,0,0,0,1.91,0
"11",2014,106,13134.2221607416,"Low",0,0,2,0,0,1,0,1.91,0
"12",2014,14,38276.4427878774,"Medium",0,57,5,0,0,0,0,1.91,0
"13",2014,66,8791.11137833681,"High",0,0,10,0,0,0,0,1.91,0
"14",2014,28,9095.99980541702,"Low",0,0,7,0,0,0,0,1.91,1
"15",2014,139,15287.1101656089,"Medium",0,0,3,0,0,0,0,1.91,1
"16",2014,85,20026.6673187703,"High",0,0,10,1,0,0,0,1.91,1
"17",2014,70,24898.6664842143,"High",0,0,85,0,0,0,0,1.91,0
"18",2014,40,16337.7777250357,"Low",0,0,19,0,0,0,0,1.91,0
"19",2014,61,14399.111437631,"Medium",0,0,4,0,0,0,0,1.91,1
"20",2014,21,11416.0002359954,"High",0,36,12,0,0,0,0,1.91,1
"21",2014,22,14387.5552031182,"High",0,38,6,0,0,0,0,1.91,1
"22",2014,133,12110.2220068516,"Low",0,0,0,0,0,0,0,1.91,0
"23",2014,75,28166.2235727262,"High",0,0,9,1,1,0,1,1.91,0
"24",2014,120,23960.0000768278,"High",0,0,8,0,0,1,0,1.91,0
"25",2014,123,14475.555811902,"High",1,0,15,0,0,0,0,1.91,0
"26",2014,44,20062.2211123543,"Very Low",0,0,51,0,0,0,0,1.91,1
"27",2014,92,12863.110179245,"Medium",0,0,6,0,0,0,0,1.91,0
"28",2014,125,12321.778109045,"Low",0,0,12,0,0,0,0,1.91,1
"29",2014,90,13114.666048299,"Medium",0,0,16,0,0,0,0,1.91,0
"30",2014,57,10592.8891282421,"Low",0,0,0,0,0,0,0,1.91,0
"31",2014,10,10140.4452548992,"Low",0,47,0,0,0,0,0,1.91,0
"32",2014,68,11023.1117432475,"Medium",0,0,6,1,1,0,0,1.91,0
"33",2014,13,10545.7783942169,"Very Low",0,26,8,1,0,0,0,1.91,0
"34",2014,102,11613.3338147423,"Low",0,0,5,0,0,0,0,1.91,0
"35",2014,25,28261.3333875206,"Medium",1,26,83,2,0,1,0,1.91,1
"36",2014,65,13142.2216654455,"Medium",0,0,59,0,0,0,0,1.91,0
"37",2014,140,8997.33382993354,"Low",0,0,0,0,0,0,0,1.91,0
"38",2014,81,15410.6668384305,"High",0,0,3,0,3,0,0,1.91,0
"39",2014,43,15918.2220732277,"Low",0,0,37,1,0,0,0,1.91,1
"40",2014,77,53631.9966854739,"High",0,0,26,4,0,1,0,1.91,0
"41",2014,136,24774.2189307338,"High",2,0,26,0,0,0,1,1.91,1
"42",2014,1,30885.3318550164,"High",0,32,6,0,1,0,0,1.91,0
"43",2014,35,23764.4451663325,"Very Low",0,0,1,0,0,0,0,1.91,0
"44",2014,124,15671.1135454761,"High",0,0,16,1,0,0,1,1.91,1
"45",2014,6,20049.7781666481,"Low",0,40,5,1,0,0,0,1.91,1
"46",2014,49,12135.1127536837,"Very Low",0,0,4,0,0,0,0,1.91,0
"47",2014,33,14455.1105340278,"Medium",0,0,4,0,0,0,0,1.91,0
"48",2014,110,9994.66654500807,"Medium",0,0,1,1,0,0,1,1.91,1
"49",2014,54,16983.9998978028,"Medium",0,0,0,0,0,0,0,1.91,0
"50",2014,58,8412.44394068751,"Low",0,0,0,0,0,0,0,1.91,0
"51",2014,96,9879.11121297799,"Low",0,0,0,0,0,0,0,1.91,0
"52",2014,78,16846.22241955,"High",0,0,73,1,0,0,1,1.91,0
"53",2014,15,8407.99884858137,"Medium",0,48,0,0,0,0,0,1.91,0
"54",2014,89,9068.44408170668,"Low",0,0,1,0,0,0,0,1.91,0
"55",2014,101,9897.77783476614,"Low",0,0,0,0,0,0,0,1.91,0
"56",2014,53,12984.0010150937,"Low",0,0,0,1,0,0,0,1.91,0
"57",2014,95,27717.3345772367,"High",0,0,16,0,1,0,1,1.91,0
"58",2014,109,9112.88939670283,"Low",0,0,0,0,0,0,0,1.91,0
"59",2014,8,9864.88827466283,"Low",0,53,18,0,0,0,0,1.91,0
"60",2014,86,13826.6678348859,"High",0,0,11,0,0,0,0,1.91,0
"61",2014,79,7123.55586720632,"High",0,0,1,0,0,0,0,1.91,0
"62",2014,48,15729.7792965712,"Low",0,0,6,0,0,0,0,1.91,0
"63",2014,115,12320.8888688071,"Medium",0,0,1,0,0,0,0,1.91,1
"64",2014,126,22689.7770264295,"Medium",0,0,23,1,0,0,0,1.91,0
"65",2014,9,13981.3321977591,"Very Low",0,37,0,0,0,0,0,1.91,0
"66",2014,93,33129.779297504,"Medium",0,0,24,0,0,0,0,1.91,0
"67",2014,36,21612.4445754514,"Medium",0,0,0,0,0,0,0,1.91,0
"68",2014,82,25687.1120447908,"Medium",0,0,6,0,1,0,0,1.91,0
"69",2014,112,6016.00048503637,"High",0,0,1,1,0,0,0,1.91,1
"70",2014,88,20128.0007089945,"Low",0,0,9,1,0,0,0,1.91,0
"71",2014,87,21201.777754543,"Low",0,0,9,0,0,0,0,1.91,0
"72",2014,134,11663.1106042537,"Medium",0,0,0,0,0,0,0,1.91,0
"73",2014,74,16966.2220196026,"Medium",0,0,4,0,0,0,1,1.91,0
"74",2014,121,12606.2194319234,"High",0,0,32,1,0,0,1,1.91,1
"75",2014,98,19028.4444314563,"Medium",0,0,1,0,0,0,1,1.91,0
"76",2014,107,19417.7767746766,"Medium",0,0,3,0,0,0,0,1.91,0
"77",2014,119,25242.6675409276,"High",0,0,7,0,0,0,0,1.91,0
"78",2014,138,20892.4423879199,"Medium",0,0,12,0,0,0,1,1.91,1
"79",2014,5,8701.33271929573,"Medium",0,33,14,0,0,0,0,1.91,1
"80",2014,129,27077.3329345626,"Low",0,0,0,0,0,0,0,1.91,0
"81",2014,128,21187.5560477069,"Medium",0,0,13,0,0,0,0,1.91,0
"82",2014,32,20366.2232981513,"Low",0,0,107,0,0,0,0,1.91,0
"83",2014,11,17057.7784350759,"Very Low",0,41,7,0,0,0,0,1.91,0
"84",2014,117,40621.3298314812,"Low",0,0,50,0,0,0,1,1.91,0
"85",2014,42,25008.888061126,"Low",0,0,1,2,0,0,2,1.91,0
"86",2014,34,14384.0002269399,"Low",0,0,16,0,1,0,0,1.91,0
"87",2014,20,10993.7774216126,"Very Low",0,40,1,0,0,0,0,1.91,0
"88",2014,72,9805.33354370784,"High",0,0,35,0,0,0,1,1.91,1
"89",2014,127,26760.0015742156,"High",0,0,8,1,0,0,0,1.91,0
"90",2014,122,20215.9999847174,"Medium",0,0,5,0,0,0,0,1.91,0
"91",2014,91,10545.7780824669,"Low",0,0,30,0,0,0,0,1.91,1
"92",2014,26,32010.668389678,"High",0,0,4,1,0,0,0,1.91,1
"93",2014,114,7287.11189213609,"Very Low",0,0,20,0,0,0,0,1.91,0
"94",2014,76,21670.2217956022,"High",0,0,3,5,0,0,0,1.91,0
"95",2014,24,20058.6647968722,"High",0,36,40,0,0,0,1,1.91,1
"96",2014,51,44615.1056695537,"Very Low",0,0,17,0,0,0,0,1.91,0
"97",2014,37,14844.4432632509,"Low",0,0,2,0,0,0,0,1.91,0
"98",2014,131,42415.1114315809,"Low",0,0,0,0,0,0,0,1.91,0
"99",2014,2,30206.2219355715,"Medium",0,49,103,1,0,0,0,1.91,1
"100",2014,71,10903.9998055112,"High",0,0,50,1,0,0,3,1.91,0
"101",2014,99,15087.1107082695,"Very Low",0,0,2,0,0,0,0,1.91,0
"102",2014,104,27096.8869801538,"Very Low",0,0,11,1,0,0,1,1.91,0
"103",2014,69,7115.55571191053,"Medium",0,0,39,0,1,0,0,1.91,0
"104",2014,4,9632.88792862178,"Medium",0,54,15,0,0,0,0,1.91,0
"105",2014,62,19423.9994052716,"High",0,0,48,0,0,0,0,1.91,0
"106",2014,18,10331.5556767428,"Medium",1,29,2,1,0,0,0,1.91,0
"107",2014,80,12801.7777547686,"Medium",0,0,1,1,0,0,0,1.91,0
"108",2014,45,31841.7793257633,"Medium",0,0,12,0,0,0,0,1.91,0
"109",2014,23,9073.77801490585,"High",0,28,1,0,0,0,0,1.91,0
"110",2014,67,7117.33356421711,"High",0,0,3,0,0,0,0,1.91,0
"111",2014,7,19963.5567212954,"Low",0,33,1,0,0,0,0,1.91,0
"112",2014,137,49052.4407374002,"Medium",1,0,26,0,0,0,0,1.91,1
"113",2014,60,7201.77825603629,"Very Low",0,0,4,0,0,0,0,1.91,0
"114",2014,52,18352.0012211173,"Very Low",0,0,0,0,0,0,0,1.91,0
"115",2014,39,21199.1117360965,"Medium",0,0,1,0,0,0,0,1.91,0
"116",2014,111,20404.4452051509,"Medium",0,0,12,1,0,0,1,1.91,1
"117",2014,41,8244.44423833334,"Medium",2,0,0,0,0,0,0,1.91,0
"118",2014,47,24704.8867565355,"Low",0,0,3,0,0,0,0,1.91,0
"119",2014,113,16593.7775371926,"High",1,0,2,0,0,0,0,1.91,1
"120",2014,103,13845.3327560812,"Very Low",0,0,3,0,0,0,0,1.91,0
"121",2014,30,16310.2250378061,"Medium",0,0,3,0,0,0,0,1.91,0
"122",2014,19,9103.111305593,"Medium",0,62,0,0,0,0,0,1.91,0
"123",2014,132,40668.4434518091,"Medium",0,0,228,2,0,0,0,1.91,0
"124",2014,83,10782.2227335484,"Medium",0,0,14,0,0,0,0,1.91,0
"125",2014,29,9289.77871320133,"Very Low",0,0,0,0,0,0,0,1.91,0
"126",2014,12,9573.33296134097,"Very Low",0,51,0,0,0,0,0,1.91,0
"127",2014,116,22695.1103680264,"Very Low",0,0,0,0,1,0,0,1.91,0
"128",2014,105,13324.4439948453,"Low",0,0,1,0,0,0,1,1.91,0
"129",2014,100,10437.3332920276,"Low",0,0,0,0,0,0,0,1.91,0
"130",2014,135,16063.1112423313,"Medium",0,0,26,0,0,0,0,1.91,1
"131",2014,73,17498.6684851627,"High",2,0,36,2,1,0,4,1.91,0
"132",2014,84,13175.1109325186,"Medium",0,0,3,0,0,0,0,1.91,0
"133",2014,64,11217.7773682976,"Medium",0,0,49,0,0,0,0,1.91,0
"134",2014,50,14911.1119152664,"Medium",0,0,1,0,0,0,0,1.91,0
"135",2014,130,24596.4414463062,"Medium",0,0,0,0,0,0,0,1.91,0
"136",2014,46,14599.1124689877,"Very Low",0,0,0,0,0,0,0,1.91,0
"137",2014,94,13026.6685372542,"Low",0,0,21,0,0,0,0,1.91,0
"138",2014,56,15421.3327103917,"Very Low",0,0,0,0,0,0,0,1.91,0
"139",2014,108,13108.4454172149,"Medium",0,0,1,0,0,0,0,1.91,0
"140",2014,17,28535.9987201345,"Medium",0,44,3,0,0,0,0,1.91,0
"141",2015,97,12746.9985167181,"Very Low",0,0,0,0,0,0,0,1.13,0
"142",2015,27,28612.9958637602,"High",1,0,4,8,2,0,1,1.13,1
"143",2015,38,16376.0011063665,"Medium",3,0,0,3,0,0,0,1.13,0
"144",2015,31,15187.9994038572,"High",1,0,48,4,0,0,0,1.13,0
"145",2015,16,25679.0005064463,"Low",0,46,0,1,0,0,1,1.13,0
"146",2015,118,28181.9996852828,"Low",1,0,15,3,0,0,0,1.13,0
"147",2015,63,22087.0006957405,"Medium",0,0,26,0,0,0,0,1.13,0
"148",2015,3,10622.0000888327,"Medium",0,60,30,1,0,0,1,1.13,1
"149",2015,55,21382.0012378737,"Very Low",0,0,1,1,0,0,0,1.13,1
"150",2015,59,17614.0018996107,"Low",2,0,6,0,0,0,1,1.13,0
"151",2015,106,14801.9999177655,"Low",0,0,2,0,0,1,0,1.13,0
"152",2015,14,44159.9985435419,"Medium",2,57,5,3,1,0,0,1.13,0
"153",2015,66,9923.00042584815,"High",2,0,10,1,0,0,1,1.13,0
"154",2015,28,10213.0005248897,"Medium",0,0,7,0,0,0,0,1.13,1
"155",2015,139,17177.9995914365,"High",0,0,3,1,0,0,0,1.13,1
"156",2015,85,22598.9996321883,"Medium",2,0,10,1,0,0,0,1.13,1
"157",2015,70,28430.000855323,"High",0,0,85,1,0,0,1,1.13,0
"158",2015,40,18320.0001828639,"Low",0,0,19,1,0,0,0,1.13,0
"159",2015,61,16177.9998550859,"Medium",0,0,4,2,0,0,1,1.13,1
"160",2015,21,12810.000342781,"High",0,36,12,1,0,0,2,1.13,1
"161",2015,22,16086.9995702202,"High",0,38,6,0,0,0,0,1.13,1
"162",2015,133,13670.0002536406,"Very Low",0,0,0,0,0,0,0,1.13,0
"163",2015,75,32173.9989420889,"High",3,0,9,4,6,0,2,1.13,0
"164",2015,120,27343.9995890537,"High",0,0,8,1,0,1,0,1.13,0
"165",2015,123,16313.9985461812,"High",1,0,15,3,0,0,1,1.13,0
"166",2015,44,22562.998944185,"Low",2,0,51,2,0,0,3,1.13,1
"167",2015,92,14542.9997886746,"Medium",0,0,6,1,0,0,0,1.13,0
"168",2015,125,13956.998726907,"Low",0,0,12,0,1,0,1,1.13,1
"169",2015,90,14806.9984302721,"High",0,0,16,1,1,0,0,1.13,0
"170",2015,57,11880.999904952,"Very Low",0,0,0,0,0,1,0,1.13,0
"171",2015,10,11356.0009943441,"Low",0,47,0,0,0,0,0,1.13,0
"172",2015,68,12327.9995875441,"Medium",1,0,6,3,1,0,1,1.13,0
"173",2015,13,12019.0004906601,"Very Low",0,26,8,1,0,0,1,1.13,0
"174",2015,102,13097.0004213781,"Low",0,0,5,0,0,0,0,1.13,0
"175",2015,25,31550.0008716086,"High",1,26,83,2,0,1,1,1.13,1
"176",2015,65,14833.0002163941,"High",0,0,59,1,0,0,1,1.13,0
"177",2015,140,10125.9995131095,"Low",0,0,0,0,0,0,0,1.13,0
"178",2015,81,17259.0008925717,"Medium",1,0,3,1,3,0,4,1.13,0
"179",2015,43,17931.9995675291,"Medium",0,0,37,3,0,0,1,1.13,1
"180",2015,77,64714.0105949592,"High",0,0,26,11,1,1,3,1.13,0
"181",2015,136,28000.0040493705,"High",2,0,26,1,0,0,4,1.13,1
"182",2015,1,34557.0002775714,"High",1,32,6,2,1,0,0,1.13,0
"183",2015,35,26849.0001338819,"Low",0,0,1,1,0,0,2,1.13,0
"184",2015,124,17601.0028575725,"High",1,0,16,1,0,0,3,1.13,1
"185",2015,6,22561.9996322305,"Medium",1,40,5,3,0,0,1,1.13,1
"186",2015,49,13540.0021857355,"Low",1,0,4,0,0,0,0,1.13,0
"187",2015,33,16606.9988324222,"Medium",0,0,4,0,0,0,0,1.13,0
"188",2015,110,11307.0001322838,"Medium",0,0,1,3,0,0,1,1.13,1
"189",2015,54,19142.0006530445,"Medium",0,0,0,0,0,0,0,1.13,0
"190",2015,58,9471.99937376082,"Medium",0,0,0,0,0,0,0,1.13,0
"191",2015,96,11189.9993245624,"Low",1,0,0,0,0,0,0,1.13,0
"192",2015,78,18791.0013921163,"High",2,0,73,2,0,0,6,1.13,0
"193",2015,15,9463.00026315944,"Low",0,48,0,0,0,0,0,1.13,0
"194",2015,89,10287.9989376301,"Medium",0,0,1,0,0,0,0,1.13,0
"195",2015,101,11073.9996138725,"Low",0,0,0,0,0,0,0,1.13,0
"196",2015,53,15439.9996884927,"Very Low",0,0,0,4,0,0,1,1.13,0
"197",2015,95,31384.0002264756,"High",0,0,16,1,1,1,2,1.13,0
"198",2015,109,10257.9993644023,"Low",0,0,0,0,0,1,1,1.13,0
"199",2015,8,11147.9997834103,"Low",0,53,18,0,0,0,0,1.13,0
"200",2015,86,15506.0003384576,"High",0,0,11,2,1,0,2,1.13,0
"201",2015,79,7953.99921245882,"High",0,0,1,0,0,0,2,1.13,0
"202",2015,48,17512.9998661218,"Low",0,0,6,0,0,0,1,1.13,0
"203",2015,115,13919.9995115151,"Medium",0,0,1,0,0,0,1,1.13,1
"204",2015,126,25599.0002476904,"High",0,0,23,3,0,0,0,1.13,0
"205",2015,9,15829.0015074692,"Very Low",0,37,0,0,0,0,0,1.13,0
"206",2015,93,37618.0024292038,"High",1,0,24,3,0,0,4,1.13,0
"207",2015,36,24424.9999733545,"Medium",0,0,0,0,0,0,1,1.13,0
"208",2015,82,30767.0009329737,"Medium",1,0,6,4,8,1,1,1.13,0
"209",2015,112,6755.00098313843,"High",2,0,1,1,0,0,0,1.13,1
"210",2015,88,22760.0006564348,"Low",0,0,9,1,0,0,1,1.13,0
"211",2015,87,24256.99833812,"Very Low",0,0,9,0,0,0,0,1.13,0
"212",2015,134,12979.9996918245,"Low",0,0,0,0,0,0,0,1.13,0
"213",2015,74,19192.9994318982,"High",0,0,4,1,0,0,2,1.13,0
"214",2015,121,14215.0031135143,"High",0,0,32,1,1,0,2,1.13,1
"215",2015,98,21416.9992276646,"Medium",2,0,1,1,0,0,2,1.13,0
"216",2015,107,21839.9997992904,"Low",1,0,3,0,0,0,0,1.13,0
"217",2015,119,28563.0012357308,"High",0,0,7,2,0,0,0,1.13,0
"218",2015,138,23434.999161513,"Medium",0,0,12,0,0,0,2,1.13,1
"219",2015,5,9753.99976439729,"Medium",0,33,14,0,0,0,0,1.13,1
"220",2015,129,30163.998742064,"Low",0,0,0,0,0,0,0,1.13,0
"221",2015,128,24136.0001376013,"Medium",0,0,13,1,0,0,1,1.13,0
"222",2015,32,22937.9997253763,"Low",1,0,107,0,0,0,1,1.13,0
"223",2015,11,19119.9992728266,"Very Low",0,41,7,0,0,0,0,1.13,0
"224",2015,117,45413.9971176784,"Very Low",0,0,50,1,0,0,2,1.13,0
"225",2015,42,28225.9988584936,"Low",1,0,1,3,0,0,4,1.13,0
"226",2015,34,16237.000415703,"Low",0,0,16,0,1,0,0,1.13,0
"227",2015,20,12382.999711594,"Low",0,40,1,0,0,0,0,1.13,0
"228",2015,72,11122.0023840722,"High",1,0,38,0,2,0,3,1.13,1
"229",2015,127,30480.9995289613,"Medium",0,0,8,3,0,0,1,1.13,0
"230",2015,122,22806.0000479816,"High",0,0,5,2,0,0,1,1.13,0
"231",2015,91,11659.0004659027,"Medium",2,0,30,1,0,0,2,1.13,1
"232",2015,26,36044.0016715154,"High",0,0,4,5,1,0,2,1.13,1
"233",2015,114,8193.99964579574,"Low",0,0,20,0,0,0,0,1.13,0
"234",2015,76,25639.9980273371,"High",0,0,3,7,2,0,3,1.13,0
"235",2015,24,22439.0021617389,"High",2,36,40,1,0,0,3,1.13,1
"236",2015,51,51178.9950745985,"Low",1,0,17,0,0,0,0,1.13,0
"237",2015,37,17077.9997279565,"Low",0,0,2,0,0,0,0,1.13,0
"238",2015,131,47749.0010187067,"Low",0,0,0,1,0,0,1,1.13,0
"239",2015,2,33951.0031470784,"Medium",2,49,103,4,0,1,2,1.13,1
"240",2015,71,12156.9997774289,"High",0,0,50,1,2,0,3,1.13,0
"241",2015,99,17103.9999298928,"Very Low",0,0,2,0,0,0,0,1.13,0
"242",2015,104,30591.0001277624,"Low",0,0,11,4,1,0,4,1.13,0
"243",2015,69,7984.99990299822,"Medium",0,0,39,1,1,0,2,1.13,0
"244",2015,4,10834.0003877931,"High",0,54,15,0,0,0,0,1.13,0
"245",2015,62,21913.9988314635,"High",0,0,48,0,0,0,3,1.13,0
"246",2015,18,11718.0003070211,"Medium",1,29,2,1,0,0,1,1.13,0
"247",2015,80,14392.9996741316,"High",1,0,1,1,0,0,0,1.13,0
"248",2015,45,35794.9962095469,"Low",0,0,12,0,0,0,0,1.13,0
"249",2015,23,10624.99931072,"High",0,28,1,0,0,0,0,1.13,0
"250",2015,67,8019.00042290062,"Medium",0,0,3,0,0,0,0,1.13,0
"251",2015,7,22583.00134581,"Medium",0,33,1,0,0,0,0,1.13,0
"252",2015,137,55101.9974111295,"Medium",3,0,26,4,0,0,3,1.13,1
"253",2015,60,8100.00009475472,"Medium",0,0,4,0,0,0,0,1.13,0
"254",2015,52,21355.0007340003,"Very Low",0,0,0,0,0,0,1,1.13,0
"255",2015,39,23813.002558332,"Low",0,0,1,0,0,0,0,1.13,0
"256",2015,111,22901.9991192599,"Medium",0,0,12,1,0,0,1,1.13,1
"257",2015,41,9382.00042282207,"Low",2,0,0,1,0,0,0,1.13,0
"258",2015,47,27793.9999080867,"Low",2,0,3,0,0,0,0,1.13,0
"259",2015,113,18583.0004272653,"High",1,0,2,2,0,0,0,1.13,1
"260",2015,103,15579.9996570039,"Very Low",0,0,3,0,0,0,0,1.13,0
"261",2015,30,18299.0002446787,"Medium",1,0,3,1,0,0,0,1.13,0
"262",2015,19,10319.0001770127,"Medium",0,62,0,0,0,0,0,1.13,0
"263",2015,132,45410.000922567,"Low",2,0,228,5,0,0,2,1.13,0
"264",2015,83,12189.9996029543,"High",0,0,14,1,0,0,0,1.13,0
"265",2015,29,10410.9989841322,"Low",0,0,0,0,0,0,0,1.13,0
"266",2015,12,10772.0005118949,"Low",0,51,0,1,0,0,0,1.13,0
"267",2015,116,25388.9983850566,"Very Low",0,0,0,0,1,0,0,1.13,0
"268",2015,105,14983.9995277601,"Very Low",0,0,1,0,0,0,1,1.13,0
"269",2015,100,11962.0003857031,"Medium",1,0,0,0,0,0,2,1.13,0
"270",2015,135,18000.9996666079,"Low",0,0,26,1,0,0,2,1.13,1
"271",2015,73,20506.9975593301,"High",8,0,36,5,2,1,6,1.13,0
"272",2015,84,15531.9999802068,"Medium",0,0,3,0,0,0,0,1.13,0
"273",2015,64,12760.9993978987,"High",0,0,49,0,0,0,0,1.13,0
"274",2015,50,16659.9992000753,"Low",0,0,1,0,0,0,0,1.13,0
"275",2015,130,27503.0009302839,"Medium",1,0,0,1,0,0,0,1.13,0
"276",2015,46,16332.9997759043,"Very Low",0,0,0,0,0,0,0,1.13,0
"277",2015,94,14709.9987646085,"Medium",0,0,21,3,1,0,0,1.13,0
"278",2015,56,17285.996693756,"Very Low",0,0,0,0,0,0,0,1.13,0
"279",2015,108,14719.9998236749,"Medium",0,0,1,1,0,0,0,1.13,0
"280",2015,17,33588.0017409449,"High",0,44,3,0,0,0,0,1.13,0
"281",2016,97,12950.0015909509,"Very Low",0,0,0,0,0,0,0,1.43,0
"282",2016,27,28597.9959207749,"High",1,0,4,8,2,0,1,1.43,1
"283",2016,38,16722.0000374318,"Medium",3,0,0,3,0,0,0,1.43,0
"284",2016,31,15227.999208744,"High",1,0,48,4,0,0,0,1.43,0
"285",2016,16,25783.0018767298,"Low",0,46,0,1,0,0,1,1.43,0
"286",2016,118,28234.0012916708,"Low",1,0,15,3,0,0,0,1.43,0
"287",2016,63,22209.0004054591,"Low",0,0,26,0,0,0,0,1.43,0
"288",2016,3,10675.9987149625,"High",0,60,30,1,0,0,1,1.43,1
"289",2016,55,21809.9997454999,"Low",0,0,1,1,0,0,1,1.43,1
"290",2016,59,17717.9985269867,"Medium",2,0,6,0,0,0,1,1.43,0
"291",2016,106,14863.9994463524,"Low",0,0,2,0,0,1,0,1.43,0
"292",2016,14,45465.0009629593,"Medium",2,57,5,3,1,0,0,1.43,0
"293",2016,66,9981.0001142312,"High",2,0,10,2,0,0,2,1.43,0
"294",2016,28,10222.9997002809,"Medium",0,0,7,0,0,0,0,1.43,1
"295",2016,139,17235.9961063602,"High",0,0,3,2,0,0,0,1.43,1
"296",2016,85,22759.999145845,"High",2,0,10,1,0,1,2,1.43,1
"297",2016,70,28911.0002527207,"High",0,0,85,2,0,0,1,1.43,0
"298",2016,40,18308.0006761495,"Medium",0,0,19,1,0,0,0,1.43,0
"299",2016,61,16236.9992827396,"Medium",0,0,4,2,0,0,1,1.43,1
"300",2016,21,12795.0006442937,"High",0,36,12,1,0,0,3,1.43,1
"301",2016,22,16045.0003325576,"High",0,38,6,1,0,0,0,1.43,1
"302",2016,133,13736.0004336032,"Low",0,0,0,0,0,0,0,1.43,0
"303",2016,75,32849.0014223145,"High",4,0,9,4,7,0,3,1.43,0
"304",2016,120,27849.9997610057,"High",0,0,8,1,0,1,1,1.43,0
"305",2016,123,16378.999776862,"High",1,0,15,3,0,0,1,1.43,0
"306",2016,44,22648.9988369783,"Low",2,0,51,2,0,0,3,1.43,1
"307",2016,92,14635.0009151865,"Medium",0,0,6,1,0,0,0,1.43,0
"308",2016,125,14089.0001782303,"Low",0,0,12,0,1,0,1,1.43,1
"309",2016,90,14892.9996061,"Medium",0,0,16,1,1,0,0,1.43,0
"310",2016,57,11884.9997604173,"Low",0,0,0,0,0,1,0,1.43,0
"311",2016,10,11336.9995531447,"Medium",0,47,0,0,0,0,0,1.43,0
"312",2016,68,12282.0007439759,"High",1,0,6,3,1,0,1,1.43,0
"313",2016,13,12216.0005040466,"Low",0,26,8,1,0,0,1,1.43,0
"314",2016,102,13182.0004958385,"Medium",0,0,5,0,0,0,0,1.43,0
"315",2016,25,31398.0003618306,"High",1,26,83,2,1,1,1,1.43,1
"316",2016,65,14920.9992242182,"High",0,0,59,1,0,0,1,1.43,0
"317",2016,140,10159.9992853495,"Very Low",0,0,0,0,0,0,0,1.43,0
"318",2016,81,17222.999681411,"High",1,0,3,1,3,0,4,1.43,0
"319",2016,43,18029.0008883241,"Medium",0,0,37,3,0,0,1,1.43,1
"320",2016,77,69455.9838419406,"High",0,0,26,11,1,1,3,1.43,0
"321",2016,136,28207.9944166523,"High",2,0,26,1,0,0,4,1.43,1
"322",2016,1,34419.0001577486,"High",1,32,6,2,1,0,0,1.43,0
"323",2016,35,27068.998804794,"Low",0,0,1,1,0,0,2,1.43,0
"324",2016,124,17646.0040555947,"High",1,0,16,1,0,0,3,1.43,1
"325",2016,6,22668.9988837925,"Low",1,40,5,4,0,0,1,1.43,1
"326",2016,49,13485.9983625635,"Low",1,0,4,0,0,0,0,1.43,0
"327",2016,33,17010.0002004872,"Medium",0,0,4,0,0,0,0,1.43,0
"328",2016,110,11407.9996400729,"Medium",0,0,1,3,0,0,2,1.43,1
"329",2016,54,19245.9996023159,"Medium",0,0,0,0,0,0,0,1.43,0
"330",2016,58,9502.000171036,"Medium",0,0,0,0,0,0,0,1.43,0
"331",2016,96,11299.9998588653,"Low",1,0,0,0,0,0,0,1.43,0
"332",2016,78,18690.9988032907,"High",2,0,76,3,1,0,11,1.43,0
"333",2016,15,9498.00013024485,"Medium",0,48,0,0,0,0,0,1.43,0
"334",2016,89,10384.000332288,"Medium",0,0,1,0,0,0,0,1.43,0
"335",2016,101,11049.9985666129,"Low",0,0,0,0,0,0,0,1.43,0
"336",2016,53,16364.000834564,"Medium",0,0,0,4,0,0,1,1.43,0
"337",2016,95,31688.0014224772,"High",0,0,16,1,2,1,2,1.43,0
"338",2016,109,10292.0001493102,"Medium",0,0,0,0,0,1,1,1.43,0
"339",2016,8,11217.0002111206,"Low",0,53,18,0,0,0,0,1.43,0
"340",2016,86,15519.0002694901,"High",0,0,11,2,2,0,2,1.43,0
"341",2016,79,7922.00108962334,"High",0,0,1,0,0,0,2,1.43,0
"342",2016,48,17382.9985136046,"Low",0,0,6,0,0,0,1,1.43,0
"343",2016,115,14031.0005363562,"Medium",0,0,1,0,0,0,1,1.43,1
"344",2016,126,25758.0001727646,"Medium",0,0,23,3,1,0,0,1.43,0
"345",2016,9,15968.0010097401,"Low",0,37,0,0,0,0,0,1.43,0
"346",2016,93,38068.9985864865,"High",1,0,24,3,0,0,4,1.43,0
"347",2016,36,24601.9977745714,"Medium",0,0,0,0,0,0,1,1.43,0
"348",2016,82,32886.9969531378,"Medium",1,0,6,4,8,1,1,1.43,0
"349",2016,112,6783.99996849342,"High",2,0,1,1,0,0,0,1.43,1
"350",2016,88,22979.9979775157,"Low",0,0,9,1,0,0,1,1.43,0
"351",2016,87,24721.0000718614,"Low",0,0,9,0,1,0,0,1.43,0
"352",2016,134,12867.0001165831,"Medium",0,0,0,0,0,0,0,1.43,0
"353",2016,74,19395.9993217248,"High",0,0,4,1,0,0,2,1.43,0
"354",2016,121,14289.0001257167,"High",0,0,32,1,1,0,2,1.43,1
"355",2016,98,21508.9997790437,"Medium",2,0,1,1,0,0,2,1.43,0
"356",2016,107,21893.0001510617,"Medium",1,0,3,0,0,0,0,1.43,0
"357",2016,119,28765.9980307633,"High",2,0,7,3,0,0,0,1.43,0
"358",2016,138,23459.9979824402,"Medium",0,0,12,0,0,0,2,1.43,1
"359",2016,5,9745.9996206198,"Medium",0,33,14,0,0,0,1,1.43,1
"360",2016,129,29954.9981333306,"Low",0,0,0,0,0,0,1,1.43,0
"361",2016,128,24521.0001342659,"Medium",0,0,13,1,0,0,1,1.43,0
"362",2016,32,23026.0028059295,"Low",1,0,107,0,0,0,1,1.43,0
"363",2016,11,19096.0001279432,"Very Low",0,41,7,0,0,0,0,1.43,0
"364",2016,117,45273.0038570855,"Low",0,0,50,1,0,0,2,1.43,0
"365",2016,42,28430.001001958,"Low",2,0,1,4,0,0,4,1.43,0
"366",2016,34,16353.9993310296,"Low",0,0,16,0,1,0,0,1.43,0
"367",2016,20,12426.9998297416,"Low",0,40,1,0,0,0,0,1.43,0
"368",2016,72,11235.9982607673,"High",1,0,39,0,2,0,3,1.43,1
"369",2016,127,30918.0000663372,"Medium",0,0,8,3,0,1,1,1.43,0
"370",2016,122,22909.0010448516,"High",0,0,5,2,0,0,2,1.43,0
"371",2016,91,11483.999717474,"Medium",2,0,30,1,0,0,2,1.43,1
"372",2016,26,36152.9973802925,"High",0,0,4,5,1,0,2,1.43,1
"373",2016,114,8215.99919889175,"Low",0,0,20,0,0,0,0,1.43,0
"374",2016,76,27031.0012036586,"High",1,0,3,8,2,0,4,1.43,0
"375",2016,24,22412.0002851915,"High",2,36,40,1,0,0,3,1.43,1
"376",2016,51,52362.0001742391,"Low",1,0,17,0,0,0,0,1.43,0
"377",2016,37,17516.9996027513,"Medium",0,0,2,0,0,0,0,1.43,0
"378",2016,131,47921.0009688239,"Low",0,0,0,1,0,0,1,1.43,0
"379",2016,2,34035.9994051181,"High",2,49,103,4,0,1,2,1.43,1
"380",2016,71,12088.00149742,"High",0,0,50,1,2,0,3,1.43,0
"381",2016,99,17289.0016137797,"Low",0,0,2,0,0,0,0,1.43,0
"382",2016,104,30858.0005967073,"Low",0,0,11,4,1,0,4,1.43,0
"383",2016,69,7982.99976714953,"Medium",0,0,39,3,1,0,2,1.43,0
"384",2016,4,10856.0009940803,"High",0,54,15,0,0,0,0,1.43,0
"385",2016,62,22062.0003641874,"Medium",0,0,48,1,0,0,3,1.43,0
"386",2016,18,11843.0003207968,"High",1,29,2,2,0,0,1,1.43,0
"387",2016,80,14413.9988858429,"Medium",1,0,1,1,0,1,0,1.43,0
"388",2016,45,35883.0007398904,"Low",0,0,12,0,0,0,0,1.43,0
"389",2016,23,11059.999428859,"High",0,28,1,0,0,0,0,1.43,0
"390",2016,67,8061.00004684206,"High",0,0,3,0,0,0,0,1.43,0
"391",2016,7,22774.9977113724,"Low",0,33,1,0,0,0,0,1.43,0
"392",2016,137,55211.9990962756,"Medium",3,0,26,5,1,0,4,1.43,1
"393",2016,60,8117.9995300838,"Low",0,0,4,0,0,0,0,1.43,0
"394",2016,52,22164.9991118255,"Low",0,0,0,0,0,0,1,1.43,0
"395",2016,39,23859.99685141,"Medium",0,0,1,0,0,0,0,1.43,0
"396",2016,111,22936.9997004102,"Medium",0,0,12,1,0,0,2,1.43,1
"397",2016,41,9499.99942321432,"Medium",2,0,0,1,0,0,0,1.43,0
"398",2016,47,27908.0004570669,"Low",2,0,3,0,0,0,0,1.43,0
"399",2016,113,18565.9998293937,"High",1,0,2,2,0,0,0,1.43,1
"400",2016,103,15605.0014130751,"Low",0,0,3,0,0,0,0,1.43,0
"401",2016,30,18328.000309949,"Medium",1,0,3,1,0,0,0,1.43,0
"402",2016,19,10420.9996896183,"Medium",0,62,0,0,0,0,0,1.43,0
"403",2016,132,45180.9977956872,"Medium",2,0,228,6,0,0,2,1.43,0
"404",2016,83,12273.000625923,"Medium",0,0,14,1,0,0,0,1.43,0
"405",2016,29,10413.0015292024,"Low",0,0,0,0,0,0,0,1.43,0
"406",2016,12,10815.0012681307,"Very Low",0,51,0,1,0,0,0,1.43,0
"407",2016,116,25320.9999082044,"Very Low",0,0,0,0,1,0,0,1.43,0
"408",2016,105,15012.9989725234,"Low",0,0,1,0,0,0,1,1.43,0
"409",2016,100,12235.9993480322,"Medium",1,0,0,0,0,0,2,1.43,0
"410",2016,135,18001.9997663562,"Medium",0,0,26,1,0,0,2,1.43,1
"411",2016,73,21425.997554791,"High",9,0,36,6,2,1,6,1.43,0
"412",2016,84,16268.9996569363,"Medium",0,0,3,0,0,0,0,1.43,0
"413",2016,64,12955.9999966919,"Medium",0,0,49,0,0,0,0,1.43,0
"414",2016,50,16614.0014990576,"Medium",0,0,1,0,0,0,0,1.43,0
"415",2016,130,27383.9998076458,"Medium",1,0,0,1,0,0,0,1.43,0
"416",2016,46,16287.0004417823,"Low",0,0,0,0,0,0,0,1.43,0
"417",2016,94,14798.9986510016,"Low",0,0,21,3,1,0,0,1.43,0
"418",2016,56,17265.0013031004,"Low",0,0,0,0,0,0,0,1.43,0
"419",2016,108,14723.0006983544,"Medium",0,0,1,3,0,0,0,1.43,0
"420",2016,17,35223.0000468837,"Medium",0,44,3,0,1,0,0,1.43,0
"421",2017,97,13215.000434761,"Very Low",0,0,0,0,0,0,0,1.6,0
"422",2017,27,28981.9965882574,"High",1,0,4,8,2,0,1,1.6,1
"423",2017,38,17053.999817506,"Medium",3,0,0,3,0,0,0,1.6,0
"424",2017,31,15797.0027304342,"High",1,0,48,4,0,0,0,1.6,0
"425",2017,16,26165.9990638906,"Low",0,46,0,1,0,0,1,1.6,0
"426",2017,118,28650.9992089223,"Low",1,0,15,3,0,0,0,1.6,0
"427",2017,63,22502.9990305336,"Low",0,0,26,0,0,0,0,1.6,0
"428",2017,3,10741.0005967073,"Medium",0,60,30,1,0,0,1,1.6,1
"429",2017,55,22197.9991588515,"Low",0,0,1,1,0,0,1,1.6,1
"430",2017,59,17889.0009566429,"Low",2,0,6,0,0,0,1,1.6,0
"431",2017,106,15104.0022137083,"Medium",0,0,2,0,0,1,0,1.6,0
"432",2017,14,46902.0001425567,"Medium",2,57,5,3,1,0,0,1.6,0
"433",2017,66,10072.999824375,"High",2,0,10,2,0,0,2,1.6,0
"434",2017,28,10348.000330887,"Medium",0,0,7,0,0,0,0,1.6,1
"435",2017,139,17434.9990544626,"High",0,0,3,2,0,0,0,1.6,1
"436",2017,85,23091.0004181922,"High",2,0,10,1,0,1,2,1.6,1
"437",2017,70,29222.9987803424,"High",0,0,85,2,0,0,1,1.6,0
"438",2017,40,18730.999559402,"Low",0,0,19,1,0,0,0,1.6,0
"439",2017,61,16320.9996083326,"Medium",0,0,4,2,0,0,1,1.6,1
"440",2017,21,12960.00053784,"High",0,36,12,1,0,0,3,1.6,1
"441",2017,22,16223.9991192202,"Medium",0,38,6,1,0,0,0,1.6,1
"442",2017,133,13962.0004236571,"Very Low",0,0,0,0,0,0,0,1.6,0
"443",2017,75,34383.9980204747,"High",4,0,9,4,7,0,3,1.6,0
"444",2017,120,28186.0001556814,"Medium",0,0,8,1,0,1,1,1.6,0
"445",2017,123,16703.00020113,"Medium",1,0,15,3,0,0,1,1.6,0
"446",2017,44,22836.0007982609,"Low",2,0,51,2,0,0,3,1.6,1
"447",2017,92,14759.9988406692,"Medium",0,0,6,1,0,0,0,1.6,0
"448",2017,125,14156.0008035529,"Low",0,0,12,0,1,0,1,1.6,1
"449",2017,90,15062.0014794043,"Medium",0,0,16,1,1,0,0,1.6,0
"450",2017,57,11993.9999295712,"Low",0,0,0,0,0,1,0,1.6,0
"451",2017,10,11575.9992336975,"Low",0,47,0,0,0,0,0,1.6,0
"452",2017,68,12359.0006664515,"Low",1,0,6,3,1,0,1,1.6,0
"453",2017,13,12421.0010951346,"Low",0,26,8,1,0,0,1,1.6,0
"454",2017,102,13278.9999752853,"Medium",0,0,5,0,0,0,0,1.6,0
"455",2017,25,31781.0012168327,"High",1,26,83,2,1,1,1,1.6,1
"456",2017,65,15052.0000428453,"High",0,0,59,1,0,0,1,1.6,0
"457",2017,140,10281.000487283,"Very Low",0,0,0,0,0,0,0,1.6,0
"458",2017,81,17480.0005220841,"Medium",1,0,3,1,3,0,4,1.6,0
"459",2017,43,18256.9996576844,"Medium",0,0,37,3,0,0,1,1.6,1
"460",2017,77,73848.987502589,"High",0,0,26,11,1,1,3,1.6,0
"461",2017,136,28558.0006448555,"High",2,0,26,1,0,0,4,1.6,1
"462",2017,1,35085.0011550795,"High",1,32,6,2,1,0,0,1.6,0
"463",2017,35,27339.9990670528,"Low",0,0,1,1,0,0,2,1.6,0
"464",2017,124,17830.9996126896,"High",1,0,16,1,0,0,3,1.6,1
"465",2017,6,22810.0004317794,"Low",1,40,5,4,0,0,1,1.6,1
"466",2017,49,13616.0013533297,"Low",1,0,4,0,0,0,0,1.6,0
"467",2017,33,17432.9986877935,"Medium",0,0,4,0,0,0,0,1.6,0
"468",2017,110,11567.9995812574,"Medium",0,0,1,3,0,0,2,1.6,1
"469",2017,54,19466.0002252791,"Medium",0,0,0,0,0,0,0,1.6,0
"470",2017,58,9587.00016116581,"Low",0,0,0,0,0,0,0,1.6,0
"471",2017,96,11544.0009612757,"Medium",1,0,0,0,0,0,0,1.6,0
"472",2017,78,19296.0009246684,"High",2,0,76,3,1,0,11,1.6,0
"473",2017,15,9695.00018059846,"Very Low",0,48,0,0,0,0,0,1.6,0
"474",2017,89,10480.9992584693,"Low",0,0,1,0,0,0,0,1.6,0
"475",2017,101,11395.0005148743,"Medium",0,0,0,0,0,0,0,1.6,0
"476",2017,53,17859.9998477008,"Low",0,0,0,4,0,0,1,1.6,0
"477",2017,95,32407.0001714748,"High",0,0,16,1,2,1,2,1.6,0
"478",2017,109,10398.0000150418,"Low",0,0,0,0,0,1,1,1.6,0
"479",2017,8,11482.9999935295,"Very Low",0,53,18,0,0,0,0,1.6,0
"480",2017,86,15649.9992435834,"High",0,0,11,2,2,0,2,1.6,0
"481",2017,79,8041.99984656526,"High",0,0,1,0,0,0,2,1.6,0
"482",2017,48,17622.0012945393,"Very Low",0,0,6,0,0,0,1,1.6,0
"483",2017,115,14190.9995004768,"Medium",0,0,1,0,0,0,1,1.6,1
"484",2017,126,26054.9998931291,"Medium",0,0,23,3,1,0,0,1.6,0
"485",2017,9,16365.9989051771,"Very Low",0,37,0,0,0,0,0,1.6,0
"486",2017,93,38608.0012776727,"High",1,0,24,3,0,0,4,1.6,0
"487",2017,36,24962.0005545724,"Medium",0,0,0,0,0,0,1,1.6,0
"488",2017,82,34077.9998906804,"Low",1,0,6,4,8,1,1,1.6,0
"489",2017,112,6862.99981491313,"Medium",2,0,1,1,0,0,0,1.6,1
"490",2017,88,23350.0013426251,"Very Low",0,0,9,1,0,0,1,1.6,0
"491",2017,87,25147.9987422012,"Low",0,0,9,0,1,0,0,1.6,0
"492",2017,134,13139.0012401632,"Very Low",0,0,0,0,0,0,0,1.6,0
"493",2017,74,19661.0008462125,"High",0,0,4,1,0,0,2,1.6,0
"494",2017,121,14631.9982927384,"High",0,0,32,1,1,0,2,1.6,1
"495",2017,98,22034.9995748819,"Medium",2,0,1,1,0,0,2,1.6,0
"496",2017,107,22059.998645702,"Low",1,0,3,0,0,0,0,1.6,0
"497",2017,119,29035.9998236625,"High",2,0,7,3,0,0,0,1.6,0
"498",2017,138,23799.0004664388,"Medium",0,0,12,0,0,0,2,1.6,1
"499",2017,5,9817.99963767185,"Medium",0,33,14,0,0,0,1,1.6,1
"500",2017,129,30353.0015770709,"Very Low",0,0,0,0,0,0,1,1.6,0
"501",2017,128,25219.9998524971,"Medium",0,0,13,1,0,0,1,1.6,0
"502",2017,32,23534.0008199008,"Low",1,0,107,0,0,0,1,1.6,0
"503",2017,11,19281.0006775491,"Low",0,41,7,0,0,0,0,1.6,0
"504",2017,117,46046.9940224768,"Very Low",0,0,50,1,0,0,2,1.6,0
"505",2017,42,29088.0013564719,"Very Low",2,0,1,4,0,0,4,1.6,0
"506",2017,34,16666.000359307,"Low",0,0,16,0,1,0,0,1.6,0
"507",2017,20,12619.0003636257,"Medium",0,40,1,0,0,0,0,1.6,0
"508",2017,72,11697.9981595555,"High",1,0,39,0,2,0,3,1.6,1
"509",2017,127,31364.999825846,"Medium",0,0,8,3,0,1,1,1.6,0
"510",2017,122,23208.0007088283,"Medium",0,0,5,2,0,0,2,1.6,0
"511",2017,91,11638.0003253326,"Medium",2,0,30,1,0,0,2,1.6,1
"512",2017,26,36829.9936738283,"High",0,0,4,5,1,0,2,1.6,1
"513",2017,114,8273.00085245974,"Low",0,0,20,0,0,0,0,1.6,0
"514",2017,76,28408.9996965352,"High",1,0,3,8,2,0,4,1.6,0
"515",2017,24,22586.99944874,"High",2,36,40,1,0,0,3,1.6,1
"516",2017,51,53660.0039224074,"Low",1,0,17,0,0,0,0,1.6,0
"517",2017,37,18006.9999897274,"Medium",0,0,2,0,0,0,0,1.6,0
"518",2017,131,48616.0006768607,"Low",0,0,0,1,0,0,1,1.6,0
"519",2017,2,34434.9986765573,"Medium",2,49,103,4,0,1,2,1.6,1
"520",2017,71,12221.0004998743,"High",0,0,50,1,2,0,3,1.6,0
"521",2017,99,17448.000038654,"Low",0,0,2,0,0,0,0,1.6,0
"522",2017,104,32156.9989718594,"Medium",0,0,11,4,1,0,4,1.6,0
"523",2017,69,8052.99939932955,"Medium",0,0,39,3,1,0,2,1.6,0
"524",2017,4,10917.9997189488,"Medium",0,54,15,0,0,0,0,1.6,0
"525",2017,62,22310.9991566574,"Medium",0,0,48,1,0,0,3,1.6,0
"526",2017,18,12011.0012867773,"High",1,29,2,2,0,0,1,1.6,0
"527",2017,80,14550.9999849257,"Low",1,0,1,1,0,1,0,1.6,0
"528",2017,45,36467.0070529007,"Low",0,0,12,0,0,0,0,1.6,0
"529",2017,23,11360.0002164679,"Medium",0,28,1,0,0,0,0,1.6,0
"530",2017,67,8101.00000500222,"High",0,0,3,0,0,0,0,1.6,0
"531",2017,7,23106.0019517118,"Low",0,33,1,0,0,0,0,1.6,0
"532",2017,137,55916.0048989056,"Medium",3,0,26,5,1,0,4,1.6,1
"533",2017,60,8167.99941190404,"Low",0,0,4,0,0,0,0,1.6,0
"534",2017,52,22797.9986526661,"Low",0,0,0,0,0,0,1,1.6,0
"535",2017,39,24381.9996445032,"Medium",0,0,1,0,0,0,0,1.6,0
"536",2017,111,23129.0016535064,"Medium",0,0,12,1,0,0,2,1.6,1
"537",2017,41,9851.00000447926,"Medium",2,0,0,1,0,0,0,1.6,0
"538",2017,47,28249.0023392154,"Low",2,0,6,0,0,0,0,1.6,0
"539",2017,113,18912.000112556,"High",1,0,2,2,0,0,0,1.6,1
"540",2017,103,15847.9989764982,"Low",0,0,3,0,0,0,0,1.6,0
"541",2017,30,18448.0008811969,"Medium",1,0,3,1,0,0,0,1.6,0
"542",2017,19,10695.9999201365,"Medium",0,62,0,0,0,0,0,1.6,0
"543",2017,132,45741.999665815,"Low",2,0,228,6,0,0,2,1.6,0
"544",2017,83,12406.0001528964,"High",0,0,14,1,0,0,0,1.6,0
"545",2017,29,10545.0007606174,"Low",0,0,0,0,0,0,0,1.6,0
"546",2017,12,10894.9998920762,"Low",0,51,0,1,0,0,0,1.6,0
"547",2017,116,25699.9955469505,"Very Low",0,0,0,0,1,0,0,1.6,0
"548",2017,105,15194.0017901139,"Low",0,0,1,0,0,0,1,1.6,0
"549",2017,100,12458.999547729,"Medium",1,0,0,0,0,0,2,1.6,0
"550",2017,135,18213.9992180363,"Low",0,0,26,1,0,0,2,1.6,1
"551",2017,73,22012.9999548067,"High",9,0,36,6,2,1,6,1.6,0
"552",2017,84,16623.9984040962,"Medium",0,0,3,0,0,0,0,1.6,0
"553",2017,64,13079.0001227503,"Medium",0,0,49,0,0,0,0,1.6,0
"554",2017,50,16885.9995644711,"Low",0,0,1,0,0,0,0,1.6,0
"555",2017,130,27816.0014387827,"Medium",1,0,0,1,0,0,0,1.6,0
"556",2017,46,16426.9993006474,"Low",0,0,0,0,0,0,0,1.6,0
"557",2017,94,15095.9996277366,"Medium",0,0,21,3,1,0,0,1.6,0
"558",2017,56,17601.9990496264,"Low",0,0,0,0,0,0,0,1.6,0
"559",2017,108,14898.9992138347,"Medium",0,0,1,3,0,0,0,1.6,0
"560",2017,17,36044.0003178782,"Medium",0,44,3,0,1,0,0,1.6,0
"561",2018,97,13507.9986422078,"Very High",0,0,0,0,0,0,0,2.27,0
"562",2018,27,29456.0595446938,"Very High",1,0,4,8,2,0,1,2.27,1
"563",2018,38,18273.5774502899,"Very High",3,0,0,3,0,0,0,2.27,0
"564",2018,31,16415.8490167227,"Very High",1,0,48,4,0,0,0,2.27,0
"565",2018,16,26601.0010250282,"Very High",0,46,0,1,0,0,1,2.27,0
"566",2018,118,29001.7971045656,"Very High",1,0,15,3,0,0,0,2.27,0
"567",2018,63,22792.0013275708,"Very High",0,0,26,0,0,0,0,2.27,0
"568",2018,3,10945.481781939,"High",0,60,30,1,0,0,1,2.27,1
"569",2018,55,22640.0018991122,"Very High",0,0,1,1,0,0,1,2.27,1
"570",2018,59,18083.9981495914,"Very High",2,0,6,0,0,0,1,2.27,0
"571",2018,106,15358.9993421077,"Very High",0,0,2,0,0,1,0,2.27,0
"572",2018,14,48495.6178395354,"Very High",2,57,5,3,1,0,0,2.27,0
"573",2018,66,10170.9997349068,"High",2,0,10,2,0,0,2,2.27,0
"574",2018,28,10417.8884353849,"High",0,0,7,0,0,0,0,2.27,1
"575",2018,139,17675.9951712537,"Very High",0,0,3,2,0,0,0,2.27,1
"576",2018,85,23420.4826761528,"Very High",2,0,10,1,0,1,2,2.27,1
"577",2018,70,29660.4042752406,"Very High",0,0,85,2,0,0,1,2.27,0
"578",2018,40,19183.9992446319,"Very High",0,0,19,1,0,0,0,2.27,0
"579",2018,61,16370.5147613289,"Very High",0,0,4,2,0,0,1,2.27,1
"580",2018,21,13071.9163849371,"Very High",0,36,12,1,0,0,3,2.27,1
"581",2018,22,16421.9989598113,"Very High",0,38,6,1,0,0,0,2.27,1
"582",2018,133,14204.9980611481,"Very High",0,0,0,0,0,0,0,2.27,0
"583",2018,75,36028.2899106938,"Very High",4,0,9,4,7,0,3,2.27,0
"584",2018,120,28670.8644964622,"Very High",0,0,8,1,0,1,1,2.27,0
"585",2018,123,17050.9996585945,"Very High",1,0,15,3,0,0,1,2.27,0
"586",2018,44,23074.0002098785,"Very High",2,0,51,2,0,0,3,2.27,1
"587",2018,92,14897.999823281,"Very High",0,0,6,1,0,0,0,2.27,0
"588",2018,125,14249.9995503547,"Very High",0,0,12,0,1,0,1,2.27,1
"589",2018,90,15262.9998162676,"Very High",0,0,16,1,1,0,0,2.27,0
"590",2018,57,12247.712948684,"High",0,0,0,0,0,1,0,2.27,0
"591",2018,10,11920.4331437537,"High",0,47,0,0,0,0,0,2.27,0
"592",2018,68,12594.4231001743,"High",1,0,6,3,1,0,1,2.27,0
"593",2018,13,12398.2575512912,"Very High",0,26,8,1,0,0,1,2.27,0
"594",2018,102,13388.0004143474,"Very High",0,0,5,0,0,0,0,2.27,0
"595",2018,25,32107.7397901174,"Very High",1,26,83,2,1,1,1,2.27,1
"596",2018,65,15208.0009727632,"Very High",0,0,59,1,0,0,1,2.27,0
"597",2018,140,10314.8095503259,"High",0,0,0,0,0,0,0,2.27,0
"598",2018,81,17751.9990305718,"Very High",1,0,3,1,3,0,4,2.27,0
"599",2018,43,18423.2575451126,"Very High",0,0,37,3,0,0,1,2.27,1
"600",2018,77,78547.3885533873,"Very High",0,0,26,11,1,1,3,2.27,0
"601",2018,136,28905.4622888398,"Very High",2,0,26,1,0,0,4,2.27,1
"602",2018,1,35773.0003770375,"Very High",1,32,6,2,1,0,0,2.27,0
"603",2018,35,27651.0007376177,"Very High",0,0,1,1,0,0,2,2.27,0
"604",2018,124,18074.9777201492,"Very High",1,0,16,1,0,0,3,2.27,1
"605",2018,6,23157.0280412535,"Very High",1,40,5,4,0,0,1,2.27,1
"606",2018,49,13642.357461872,"Very High",1,0,4,0,0,0,0,2.27,0
"607",2018,33,17876.0007213001,"Very High",0,0,4,0,0,0,0,2.27,0
"608",2018,110,11661.8032139328,"High",0,0,1,3,0,0,2,2.27,1
"609",2018,54,19697.0008260053,"Very High",0,0,0,0,0,0,0,2.27,0
"610",2018,58,9739.50008278575,"High",0,0,0,0,0,0,0,2.27,0
"611",2018,96,11817.0007346475,"High",1,0,0,0,0,0,0,2.27,0
"612",2018,78,19956.0109003334,"Very High",2,0,76,3,1,0,11,2.27,0
"613",2018,15,9918.00058590138,"High",0,48,0,0,0,0,0,2.27,0
"614",2018,89,10598.0007729475,"High",0,0,1,0,0,0,0,2.27,0
"615",2018,101,11747.0002605443,"High",0,0,0,0,0,0,0,2.27,0
"616",2018,53,19537.3892970766,"Very High",0,0,0,4,0,0,1,2.27,0
"617",2018,95,33204.8197103602,"Very High",0,0,16,1,2,1,2,2.27,0
"618",2018,109,10512.9985770619,"High",0,0,0,0,0,1,1,2.27,0
"619",2018,8,11946.2112669682,"High",0,53,18,0,0,0,0,2.27,0
"620",2018,86,15913.7498464323,"Very High",0,0,11,2,2,0,2,2.27,0
"621",2018,79,8149.51401852745,"High",0,0,1,0,0,0,2,2.27,0
"622",2018,48,17787.8061941295,"Very High",0,0,6,0,0,0,1,2.27,0
"623",2018,115,14200.8275316359,"Very High",0,0,1,0,0,0,1,2.27,1
"624",2018,126,26290.3627650532,"Very High",0,0,23,3,1,0,0,2.27,0
"625",2018,9,16788.0005415809,"Very High",0,37,0,0,0,0,0,2.27,0
"626",2018,93,39122.5136417782,"Very High",1,0,24,3,0,0,4,2.27,0
"627",2018,36,25423.4357519702,"Very High",0,0,0,0,0,0,1,2.27,0
"628",2018,82,35517.6793422663,"Very High",1,0,6,4,8,1,1,2.27,0
"629",2018,112,6959.00010727476,"High",2,0,1,1,0,0,0,2.27,1
"630",2018,88,23761.999809904,"Very High",0,0,9,1,0,0,1,2.27,0
"631",2018,87,25325.1628481428,"Very High",0,0,9,0,1,0,0,2.27,0
"632",2018,134,13404.9995788361,"Very High",0,0,0,0,0,0,0,2.27,0
"633",2018,74,19979.000310865,"Very High",0,0,4,1,0,0,2,2.27,0
"634",2018,121,15003.0025239667,"Very High",0,0,32,1,1,0,2,2.27,1
"635",2018,98,22590.9993439439,"Very High",2,0,1,1,0,0,2,2.27,0
"636",2018,107,22073.9332797932,"Very High",1,0,3,0,0,0,0,2.27,0
"637",2018,119,29330.9996158216,"Very High",2,0,7,3,0,0,0,2.27,0
"638",2018,138,24092.3245651184,"Very High",0,0,12,0,0,0,2,2.27,1
"639",2018,5,9897.00004608853,"High",0,33,14,0,0,0,1,2.27,1
"640",2018,129,30896.988161594,"Very High",0,0,0,0,0,0,1,2.27,0
"641",2018,128,26027.5342533989,"Very High",0,0,13,1,0,0,1,2.27,0
"642",2018,32,24148.4405715195,"Very High",1,0,108,0,0,0,1,2.27,0
"643",2018,11,19647.3496221517,"Very High",0,41,7,0,0,0,0,2.27,0
"644",2018,117,46911.0020624446,"Very High",0,0,50,1,0,0,2,2.27,0
"645",2018,42,29795.0008684855,"Very High",2,0,1,4,0,0,4,2.27,0
"646",2018,34,16982.0009738016,"Very High",0,0,16,0,1,0,0,2.27,0
"647",2018,20,12844.0011382286,"Very High",0,40,1,0,0,0,0,2.27,0
"648",2018,72,12253.5138642568,"Very High",1,0,41,0,2,0,3,2.27,1
"649",2018,127,31770.8371211214,"Very High",0,0,8,3,0,1,1,2.27,0
"650",2018,122,23619.9729667506,"Very High",0,0,5,2,0,0,2,2.27,0
"651",2018,91,11785.9998929171,"High",2,0,30,1,0,0,2,2.27,1
"652",2018,26,37469.2650660583,"Very High",0,0,4,5,1,0,2,2.27,1
"653",2018,114,8325.99995980037,"High",0,0,20,0,0,0,0,2.27,0
"654",2018,76,29836.3252653159,"Very High",1,0,3,8,2,0,4,2.27,0
"655",2018,24,23039.9956562231,"Very High",2,36,40,1,0,0,3,2.27,1
"656",2018,51,55056.9924452967,"Very High",1,0,17,0,0,0,0,2.27,0
"657",2018,37,18530.0008711723,"Very High",0,0,2,0,0,0,0,2.27,0
"658",2018,131,49382.0017356671,"Very High",0,0,0,1,0,0,1,2.27,0
"659",2018,2,34827.410092305,"Very High",2,49,103,4,0,1,2,2.27,1
"660",2018,71,12364.9998965358,"Very High",0,0,50,1,2,0,3,2.27,0
"661",2018,99,17633.9987615012,"Very High",0,0,2,0,0,0,0,2.27,0
"662",2018,104,33323.3550758571,"Very High",0,0,11,4,1,0,4,2.27,0
"663",2018,69,8261.0957427627,"High",0,0,39,3,1,0,2,2.27,0
"664",2018,4,10885.5883950561,"High",0,54,15,0,0,0,0,2.27,0
"665",2018,62,22646.0588253254,"Very High",0,0,48,1,0,0,3,2.27,0
"666",2018,18,12319.8178047775,"Very High",1,29,2,2,0,0,1,2.27,0
"667",2018,80,14717.0001286815,"Very High",1,0,1,1,0,1,0,2.27,0
"668",2018,45,37169.295972693,"Very High",0,0,12,0,0,0,0,2.27,0
"669",2018,23,11661.9999527361,"Very High",0,28,1,0,0,0,0,2.27,0
"670",2018,67,8155.99982207788,"High",0,0,3,0,0,0,0,2.27,0
"671",2018,7,23550.3772646658,"Very High",0,33,1,0,0,0,0,2.27,0
"672",2018,137,56657.9994328109,"Very High",3,0,26,5,1,0,4,2.27,1
"673",2018,60,8132.67397082719,"High",0,0,4,0,0,0,0,2.27,0
"674",2018,52,23607.7252585279,"Very High",0,0,0,0,0,0,1,2.27,0
"675",2018,39,24938.0018167945,"Very High",0,0,1,0,0,0,0,2.27,0
"676",2018,111,23272.948986835,"Very High",0,0,12,1,0,0,2,2.27,1
"677",2018,41,10218.0000873424,"High",2,0,0,1,0,0,0,2.27,0
"678",2018,47,28651.9981496986,"Very High",2,0,6,0,0,0,0,2.27,0
"679",2018,113,19250.3864775561,"Very High",1,0,2,2,0,0,0,2.27,1
"680",2018,103,16094.9980062321,"Very High",0,0,3,0,0,0,0,2.27,0
"681",2018,30,18607.0010213519,"Very High",1,0,3,1,0,0,0,2.27,0
"682",2018,19,10988.000796113,"High",0,62,0,0,0,0,0,2.27,0
"683",2018,132,46462.4105249809,"Very High",2,0,228,6,0,0,2,2.27,0
"684",2018,83,12521.1678465355,"Very High",0,0,14,1,0,0,0,2.27,0
"685",2018,29,10688.0002383534,"High",0,0,0,0,0,0,0,2.27,0
"686",2018,12,10987.0017989098,"High",0,51,0,1,0,0,0,2.27,0
"687",2018,116,26124.0000748705,"Very High",0,0,0,0,1,0,0,2.27,0
"688",2018,105,15391.0011451035,"Very High",0,0,1,0,0,0,1,2.27,0
"689",2018,100,12634.5247882212,"Very High",1,0,0,0,0,0,2,2.27,0
"690",2018,135,18422.9991871824,"Very High",0,0,26,1,0,0,2,2.27,1
"691",2018,73,22664.0439834969,"Very High",9,0,36,6,2,1,6,2.27,0
"692",2018,84,17084.7450234028,"Very High",0,0,3,0,0,0,0,2.27,0
"693",2018,64,13221.9989173516,"Very High",0,0,49,0,0,0,0,2.27,0
"694",2018,50,17184.999282186,"Very High",0,0,1,0,0,0,0,2.27,0
"695",2018,130,28197.8555450894,"Very High",1,0,0,1,0,0,0,2.27,0
"696",2018,46,16568.9991290596,"Very High",0,0,0,0,0,0,0,2.27,0
"697",2018,94,15428.0019267768,"Very High",0,0,21,3,1,0,0,2.27,0
"698",2018,56,17948.0001506206,"Very High",0,0,0,0,0,0,0,2.27,0
"699",2018,108,15088.999693927,"Very High",0,0,1,3,0,0,0,2.27,0
"700",2018,17,36893.8500478946,"Very High",0,44,3,0,1,0,0,2.27,0
