,Year,N_ID,Pop,C_Rate,Ad_Ed,Child_Care,Com_House,Emp_Res,Sub_Trt,Trans_House,Recreation,Inflation,NIA
0,2014,97,11197.333377450826,69.4609825,0,0,0,0,0,0,0,1.91,0
1,2014,27,25528.887749068897,314.67619789375,0,0,4,1,0,0,0,1.91,1
2,2014,38,14298.667752910456,102.57365875,0,0,0,1,0,0,0,1.91,0
3,2014,31,13508.443828339328,311.739173262625,0,0,48,0,0,0,0,1.91,0
4,2014,16,22787.55756656816,156.51816374999999,0,46,0,0,0,0,0,1.91,0
5,2014,118,25097.777113612803,119.97521125,0,0,15,0,0,0,0,1.91,0
6,2014,63,19590.221699503298,137.256685,0,0,26,0,0,0,0,1.91,0
7,2014,3,9406.22189055884,168.918924875,0,60,30,0,0,0,0,1.91,1
8,2014,55,18666.66638055485,110.71428741124998,0,0,1,1,0,0,0,1.91,1
9,2014,59,15581.33269190678,119.08837275,0,0,6,0,0,0,0,1.91,0
10,2014,106,13134.222160741552,142.12236125,0,0,2,0,0,1,0,1.91,0
11,2014,14,38276.44278787741,209.296123872,0,57,5,0,0,0,0,1.91,0
12,2014,66,8791.111378336811,276.79473375000003,0,0,10,0,0,0,0,1.91,0
13,2014,28,9095.99980541702,147.806120625,0,0,7,0,0,0,0,1.91,1
14,2014,139,15287.110165608863,234.038856201,0,0,3,0,0,0,0,1.91,1
15,2014,85,20026.667318770298,188.63736624999999,0,0,10,1,0,0,0,1.91,1
16,2014,70,24898.666484214307,265.966943507625,0,0,85,0,0,0,0,1.91,0
17,2014,40,16337.777725035743,163.220892801125,0,0,19,0,0,0,0,1.91,0
18,2014,61,14399.111437631045,179.79504500000002,0,0,4,0,0,0,0,1.91,1
19,2014,21,11416.00023599542,316.32016787500004,0,36,12,0,0,0,0,1.91,1
20,2014,22,14387.555203118243,184.57309237500002,0,38,6,0,0,0,0,1.91,1
21,2014,133,12110.222006851594,109.18232724999999,0,0,0,0,0,0,0,1.91,0
22,2014,75,28166.22357272622,459.178821042125,0,0,9,1,1,0,1,1.91,0
23,2014,120,23960.000076827808,263.86570125,0,0,8,0,0,1,0,1.91,0
24,2014,123,14475.555811902019,163.49401,1,0,15,0,0,0,0,1.91,0
25,2014,44,20062.221112354255,187.749235021,0,0,51,0,0,0,0,1.91,1
26,2014,92,12863.110179245044,142.5264425,0,0,6,0,0,0,0,1.91,0
27,2014,125,12321.778109044997,161.41249025,0,0,12,0,0,0,0,1.91,1
28,2014,90,13114.666048298963,179.612316995375,0,0,16,0,0,0,0,1.91,0
29,2014,57,10592.889128242126,96.500795,0,0,0,0,0,0,0,1.91,0
30,2014,10,10140.445254899198,204.90005374999998,0,47,0,0,0,0,0,1.91,0
31,2014,68,11023.111743247457,156.23739125,0,0,6,1,1,0,0,1.91,0
32,2014,13,10545.7783942169,121.16486142724999,0,26,8,1,0,0,0,1.91,0
33,2014,102,11613.333814742311,122.464595,0,0,5,0,0,0,0,1.91,0
34,2014,25,28261.333387520626,196.97112625000005,1,26,83,2,0,1,0,1.91,1
35,2014,65,13142.221665445542,203.75381316374995,0,0,59,0,0,0,0,1.91,0
36,2014,140,8997.333829933536,130.90297637499998,0,0,0,0,0,0,0,1.91,0
37,2014,81,15410.666838430507,250.90845887499995,0,0,3,0,3,0,0,1.91,0
38,2014,43,15918.222073227664,153.562655,0,0,37,1,0,0,0,1.91,1
39,2014,77,53631.9966854739,297.293508163625,0,0,26,4,0,1,0,1.91,0
40,2014,136,24774.21893073379,264.16350250000005,2,0,26,0,0,0,1,1.91,1
41,2014,1,30885.331855016444,449.33231875,0,32,6,0,1,0,0,1.91,0
42,2014,35,23764.445166332516,129.04432000000003,0,0,1,0,0,0,0,1.91,0
43,2014,124,15671.113545476137,280.77136874999997,0,0,16,1,0,0,1,1.91,1
44,2014,6,20049.778166648117,180.66146129474998,0,40,5,1,0,0,0,1.91,1
45,2014,49,12135.112753683678,97.97098000000003,0,0,4,0,0,0,0,1.91,0
46,2014,33,14455.110534027817,195.24044562499998,0,0,4,0,0,0,0,1.91,0
47,2014,110,9994.666545008075,183.431165519875,0,0,1,1,0,0,1,1.91,1
48,2014,54,16983.99989780284,241.40367549874998,0,0,0,0,0,0,0,1.91,0
49,2014,58,8412.443940687506,179.628075,0,0,0,0,0,0,0,1.91,0
50,2014,96,9879.11121297799,109.09663374999998,0,0,0,0,0,0,0,1.91,0
51,2014,78,16846.222419550028,743.9847950000001,0,0,73,1,0,0,1,1.91,0
52,2014,15,8407.998848581368,146.68571624999998,0,48,0,0,0,0,0,1.91,0
53,2014,89,9068.444081706682,147.02999999999997,0,0,1,0,0,0,0,1.91,0
54,2014,101,9897.777834766137,116.748989,0,0,0,0,0,0,0,1.91,0
55,2014,53,12984.001015093741,122.372825375,0,0,0,1,0,0,0,1.91,0
56,2014,95,27717.334577236747,246.13558,0,0,16,0,1,0,1,1.91,0
57,2014,109,9112.889396702827,152.4092775,0,0,0,0,0,0,0,1.91,0
58,2014,8,9864.888274662826,173.45468731825,0,53,18,0,0,0,0,1.91,0
59,2014,86,13826.667834885859,165.5416125,0,0,11,0,0,0,0,1.91,0
60,2014,79,7123.555867206324,578.6747937499999,0,0,1,0,0,0,0,1.91,0
61,2014,48,15729.779296571245,120.083623125,0,0,6,0,0,0,0,1.91,0
62,2014,115,12320.888868807107,174.95130250000003,0,0,1,0,0,0,0,1.91,1
63,2014,126,22689.777026429532,194.409628,0,0,23,1,0,0,0,1.91,0
64,2014,9,13981.332197759122,149.40556875,0,37,0,0,0,0,0,1.91,0
65,2014,93,33129.779297503956,174.06293639575,0,0,24,0,0,0,0,1.91,0
66,2014,36,21612.444575451354,175.31051962499998,0,0,0,0,0,0,0,1.91,0
67,2014,82,25687.11204479083,204.166370875,0,0,6,0,1,0,0,1.91,0
68,2014,112,6016.000485036371,227.1719675,0,0,1,1,0,0,0,1.91,1
69,2014,88,20128.000708994514,98.812043860875,0,0,9,1,0,0,0,1.91,0
70,2014,87,21201.777754542953,114.77025,0,0,9,0,0,0,0,1.91,0
71,2014,134,11663.11060425367,145.75871375,0,0,0,0,0,0,0,1.91,0
72,2014,74,16966.22201960257,253.44475599999998,0,0,4,0,0,0,1,1.91,0
73,2014,121,12606.219431923413,290.86172,0,0,32,1,0,0,1,1.91,1
74,2014,98,19028.444431456344,164.0818425,0,0,1,0,0,0,1,1.91,0
75,2014,107,19417.776774676575,121.88144369612502,0,0,3,0,0,0,0,1.91,0
76,2014,119,25242.66754092763,245.615879936125,0,0,7,0,0,0,0,1.91,0
77,2014,138,20892.44238791989,188.26584562500003,0,0,12,0,0,0,1,1.91,1
78,2014,5,8701.332719295733,136.632965,0,33,14,0,0,0,0,1.91,1
79,2014,129,27077.332934562597,93.55918987500002,0,0,0,0,0,0,0,1.91,0
80,2014,128,21187.556047706857,177.7773075,0,0,13,0,0,0,0,1.91,0
81,2014,32,20366.223298151286,120.024435,0,0,107,0,0,0,0,1.91,0
82,2014,11,17057.77843507594,145.25794125000002,0,41,7,0,0,0,0,1.91,0
83,2014,117,40621.32983148119,94.64102875,0,0,50,0,0,0,1,1.91,0
84,2014,42,25008.888061125956,106.62875775,0,0,1,2,0,0,2,1.91,0
85,2014,34,14384.000226939905,129.00135749999998,0,0,16,0,1,0,0,1.91,0
86,2014,20,10993.777421612585,134.41947395375,0,40,1,0,0,0,0,1.91,0
87,2014,72,9805.333543707839,268.56132140687504,0,0,35,0,0,0,1,1.91,1
88,2014,127,26760.00157421562,213.41968516974998,0,0,8,1,0,0,0,1.91,0
89,2014,122,20215.999984717448,179.72563,0,0,5,0,0,0,0,1.91,0
90,2014,91,10545.778082466895,189.64935392725,0,0,30,0,0,0,0,1.91,1
91,2014,26,32010.668389677994,259.28855652000004,0,0,4,1,0,0,0,1.91,1
92,2014,114,7287.111892136091,115.88191,0,0,20,0,0,0,0,1.91,0
93,2014,76,21670.221795602163,488.1250352465,0,0,3,5,0,0,0,1.91,0
94,2014,24,20058.664796872228,224.34195125,0,36,40,0,0,0,1,1.91,1
95,2014,51,44615.105669553675,86.16912112499999,0,0,17,0,0,0,0,1.91,0
96,2014,37,14844.443263250889,104.79042749999999,0,0,2,0,0,0,0,1.91,0
97,2014,131,42415.11143158087,121.28800964587501,0,0,0,0,0,0,0,1.91,0
98,2014,2,30206.221935571502,193.11694609725,0,49,103,1,0,0,0,1.91,1
99,2014,71,10903.999805511243,270.03342782125003,0,0,50,1,0,0,3,1.91,0
100,2014,99,15087.110708269542,70.70052625,0,0,2,0,0,0,0,1.91,0
101,2014,104,27096.886980153777,87.7509575,0,0,11,1,0,0,1,1.91,0
102,2014,69,7115.555711910531,207.68269374999997,0,0,39,0,1,0,0,1.91,0
103,2014,4,9632.887928621782,175.325292,0,54,15,0,0,0,0,1.91,0
104,2014,62,19423.999405271636,228.81201506000002,0,0,48,0,0,0,0,1.91,0
105,2014,18,10331.555676742768,172.07261262499998,1,29,2,1,0,0,0,1.91,0
106,2014,80,12801.77775476864,205.70059750899998,0,0,1,1,0,0,0,1.91,0
107,2014,45,31841.77932576333,130.50638637499998,0,0,12,0,0,0,0,1.91,0
108,2014,23,9073.778014905845,213.06817624999996,0,28,1,0,0,0,0,1.91,0
109,2014,67,7117.333564217107,263.83163875,0,0,3,0,0,0,0,1.91,0
110,2014,7,19963.556721295412,180.32858825,0,33,1,0,0,0,0,1.91,0
111,2014,137,49052.440737400204,162.41121842062498,1,0,26,0,0,0,0,1.91,1
112,2014,60,7201.778256036288,220.6245225,0,0,4,0,0,0,0,1.91,0
113,2014,52,18352.0012211173,151.9664725,0,0,0,0,0,0,0,1.91,0
114,2014,39,21199.11173609651,143.61188725,0,0,1,0,0,0,0,1.91,0
115,2014,111,20404.44520515089,174.253968672375,0,0,12,1,0,0,1,1.91,1
116,2014,41,8244.444238333337,122.6415125,2,0,0,0,0,0,0,1.91,0
117,2014,47,24704.88675653553,183.04970457012502,0,0,3,0,0,0,0,1.91,0
118,2014,113,16593.77753719262,260.47247002887497,1,0,2,0,0,0,0,1.91,1
119,2014,103,13845.332756081214,124.39009250000001,0,0,3,0,0,0,0,1.91,0
120,2014,30,16310.225037806125,143.7407785,0,0,3,0,0,0,0,1.91,0
121,2014,19,9103.111305592996,191.6316725,0,62,0,0,0,0,0,1.91,0
122,2014,132,40668.443451809086,117.481205875,0,0,228,2,0,0,0,1.91,0
123,2014,83,10782.2227335484,214.34459,0,0,14,0,0,0,0,1.91,0
124,2014,29,9289.778713201327,77.74374875,0,0,0,0,0,0,0,1.91,0
125,2014,12,9573.332961340966,178.73724,0,51,0,0,0,0,0,1.91,0
126,2014,116,22695.110368026435,80.78098337499999,0,0,0,0,1,0,0,1.91,0
127,2014,105,13324.443994845275,127.58506100949998,0,0,1,0,0,0,1,1.91,0
128,2014,100,10437.333292027586,161.812298375,0,0,0,0,0,0,0,1.91,0
129,2014,135,16063.111242331324,151.48580475000003,0,0,26,0,0,0,0,1.91,1
130,2014,73,17498.668485162736,535.2788227635,2,0,36,2,1,0,4,1.91,0
131,2014,84,13175.110932518597,143.367968479625,0,0,3,0,0,0,0,1.91,0
132,2014,64,11217.77736829757,177.29794625,0,0,49,0,0,0,0,1.91,0
133,2014,50,14911.111915266429,116.9895615,0,0,1,0,0,0,0,1.91,0
134,2014,130,24596.441446306213,153.590420225,0,0,0,0,0,0,0,1.91,0
135,2014,46,14599.11246898767,83.71894009437501,0,0,0,0,0,0,0,1.91,0
136,2014,94,13026.668537254247,105.765935,0,0,21,0,0,0,0,1.91,0
137,2014,56,15421.33271039172,124.64695874999998,0,0,0,0,0,0,0,1.91,0
138,2014,108,13108.445417214913,173.7641425265,0,0,1,0,0,0,0,1.91,0
139,2014,17,28535.998720134514,171.32356,0,44,3,0,0,0,0,1.91,0
140,2015,97,12746.99851671807,63.740495375,0,0,0,0,0,0,0,1.13,0
141,2015,27,28612.99586376024,345.99662499999994,1,0,4,8,2,0,1,1.13,1
142,2015,38,16376.001106366464,130.52637125,3,0,0,3,0,0,0,1.13,0
143,2015,31,15187.999403857219,298.75560824999997,1,0,48,4,0,0,0,1.13,0
144,2015,16,25679.000506446344,112.932744375,0,46,0,1,0,0,1,1.13,0
145,2015,118,28181.999685282823,123.749203,1,0,15,3,0,0,0,1.13,0
146,2015,63,22087.00069574052,162.42585625,0,0,26,0,0,0,0,1.13,0
147,2015,3,10622.000088832698,205.940499125,0,60,30,1,0,0,1,1.13,1
148,2015,55,21382.001237873697,102.30567174999999,0,0,1,1,0,0,0,1.13,1
149,2015,59,17614.001899610674,115.67501874999999,2,0,6,0,0,0,1,1.13,0
150,2015,106,14801.999917765472,139.33927925,0,0,2,0,0,1,0,1.13,0
151,2015,14,44159.99854354189,215.97600350000002,2,57,5,3,1,0,0,1.13,0
152,2015,66,9923.000425848153,313.66520875000003,2,0,10,1,0,0,1,1.13,0
153,2015,28,10213.000524889665,175.02202174999996,0,0,7,0,0,0,0,1.13,1
154,2015,139,17177.99959143647,201.56596125000002,0,0,3,1,0,0,0,1.13,1
155,2015,85,22598.999632188315,202.44258925,2,0,10,1,0,0,0,1.13,1
156,2015,70,28430.000855323033,232.14913125,0,0,85,1,0,0,1,1.13,0
157,2015,40,18320.000182863856,148.74453999999997,0,0,19,1,0,0,0,1.13,0
158,2015,61,16177.999855085864,208.61664175,0,0,4,2,0,0,1,1.13,1
159,2015,21,12810.000342781044,291.764238875,0,36,12,1,0,0,2,1.13,1
160,2015,22,16086.999570220212,204.35756124999997,0,38,6,0,0,0,0,1.13,1
161,2015,133,13670.000253640641,70.409654875,0,0,0,0,0,0,0,1.13,0
162,2015,75,32173.99894208894,433.57992349999995,3,0,9,4,6,0,2,1.13,0
163,2015,120,27343.99958905368,253.71196987500002,0,0,8,1,0,1,0,1.13,0
164,2015,123,16313.998546181236,194.61813674999996,1,0,15,3,0,0,1,1.13,0
165,2015,44,22562.99894418498,121.88096124999998,2,0,51,2,0,0,3,1.13,1
166,2015,92,14542.999788674602,152.13505,0,0,6,1,0,0,0,1.13,0
167,2015,125,13956.998726906993,197.92937249999997,0,0,12,0,1,0,1,1.13,1
168,2015,90,14806.998430272062,184.03459775,0,0,16,1,1,0,0,1.13,0
169,2015,57,11880.999904952003,120.99149999999999,0,0,0,0,0,1,0,1.13,0
170,2015,10,11356.000994344065,158.50650249999998,0,47,0,0,0,0,0,1.13,0
171,2015,68,12327.999587544062,192.65088250000002,1,0,6,3,1,0,1,1.13,0
172,2015,13,12019.000490660115,140.40269,0,26,8,1,0,0,1,1.13,0
173,2015,102,13097.00042137813,104.98587124999999,0,0,5,0,0,0,0,1.13,0
174,2015,25,31550.000871608612,196.11726875,1,26,83,2,0,1,1,1.13,1
175,2015,65,14833.000216394126,232.58949299999998,0,0,59,1,0,0,1,1.13,0
176,2015,140,10125.99951310954,154.305755,0,0,0,0,0,0,0,1.13,0
177,2015,81,17259.000892571745,199.89569625,1,0,3,1,3,0,4,1.13,0
178,2015,43,17931.999567529143,173.57238875,0,0,37,3,0,0,1,1.13,1
179,2015,77,64714.01059495918,281.816871375,0,0,26,11,1,1,3,1.13,0
180,2015,136,28000.004049370535,276.33924575000003,2,0,26,1,0,0,4,1.13,1
181,2015,1,34557.000277571424,398.61677487500003,1,32,6,2,1,0,0,1.13,0
182,2015,35,26849.00013388188,113.59827125000001,0,0,1,1,0,0,2,1.13,0
183,2015,124,17601.002857572545,289.04603000000003,1,0,16,1,0,0,3,1.13,1
184,2015,6,22561.99963223047,167.870758875,1,40,5,3,0,0,1,1.13,1
185,2015,49,13540.002185735473,92.31903975,1,0,4,0,0,0,0,1.13,0
186,2015,33,16606.998832422152,153.54971875,0,0,4,0,0,0,0,1.13,0
187,2015,110,11307.000132283825,154.77137875,0,0,1,3,0,0,1,1.13,1
188,2015,54,19142.000653044463,210.92361625,0,0,0,0,0,0,0,1.13,0
189,2015,58,9471.999373760822,151.76310124999998,0,0,0,0,0,0,0,1.13,0
190,2015,96,11189.999324562412,108.35568125,1,0,0,0,0,0,0,1.13,0
191,2015,78,18791.001392116308,764.9938233749999,2,0,73,2,0,0,6,1.13,0
192,2015,15,9463.000263159436,170.4005025,0,48,0,0,0,0,0,1.13,0
193,2015,89,10287.998937630055,160.38104299999998,0,0,1,0,0,0,0,1.13,0
194,2015,101,11073.999613872546,65.468667625,0,0,0,0,0,0,0,1.13,0
195,2015,53,15439.999688492717,118.19948425000001,0,0,0,4,0,0,1,1.13,0
196,2015,95,31384.00022647559,254.508665,0,0,16,1,1,1,2,1.13,0
197,2015,109,10257.99936440229,124.29324224999999,0,0,0,0,0,1,1,1.13,0
198,2015,8,11147.99978341029,141.28095,0,53,18,0,0,0,0,1.13,0
199,2015,86,15506.000338457576,175.73842000000002,0,0,11,2,1,0,2,1.13,0
200,2015,79,7953.999212458822,524.8931875,0,0,1,0,0,0,2,1.13,0
201,2015,48,17512.999866121776,129.90350125,0,0,6,0,0,0,1,1.13,0
202,2015,115,13919.999511515094,186.78161575000001,0,0,1,0,0,0,1,1.13,1
203,2015,126,25599.000247690412,217.7819425,0,0,23,3,0,0,0,1.13,0
204,2015,9,15829.00150746921,141.3544625,0,37,0,0,0,0,0,1.13,0
205,2015,93,37618.00242920378,149.861758625,1,0,24,3,0,0,4,1.13,0
206,2015,36,24424.999973354545,140.73695,0,0,0,0,0,0,1,1.13,0
207,2015,82,30767.000932973697,191.35761762500002,1,0,6,4,8,1,1,1.13,0
208,2015,112,6755.0009831384305,240.56251125000003,2,0,1,1,0,0,0,1.13,1
209,2015,88,22760.00065643484,137.30228074999997,0,0,9,1,0,0,1,1.13,0
210,2015,87,24256.998338120004,143.77294137500002,0,0,9,0,0,0,0,1.13,0
211,2015,134,12979.999691824545,156.97226875,0,0,0,0,0,0,0,1.13,0
212,2015,74,19192.99943189817,239.670720375,0,0,4,1,0,0,2,1.13,0
213,2015,121,14215.003113514327,341.1888102500001,0,0,32,1,1,0,2,1.13,1
214,2015,98,21416.99922766457,136.57375474999998,2,0,1,1,0,0,2,1.13,0
215,2015,107,21839.9997992904,137.36263862500002,1,0,3,0,0,0,0,1.13,0
216,2015,119,28563.00123573082,238.50784950000002,0,0,7,2,0,0,0,1.13,0
217,2015,138,23434.99916151296,203.22168424999995,0,0,12,0,0,0,2,1.13,1
218,2015,5,9753.999764397291,157.62764375,0,33,14,0,0,0,0,1.13,1
219,2015,129,30163.99874206395,102.77151999999998,0,0,0,0,0,0,0,1.13,0
220,2015,128,24136.0001376013,153.29797724999997,0,0,13,1,0,0,1,1.13,0
221,2015,32,22937.999725376347,120.97829075,1,0,107,0,0,0,1,1.13,0
222,2015,11,19119.999272826557,122.25418874999997,0,41,7,0,0,0,0,1.13,0
223,2015,117,45413.99711767841,103.76756725,0,0,50,1,0,0,2,1.13,0
224,2015,42,28225.99885849356,116.91348875,1,0,1,3,0,0,4,1.13,0
225,2015,34,16237.000415703029,104.69914125,0,0,16,0,1,0,0,1.13,0
226,2015,20,12382.999711594039,148.38892375,0,40,1,0,0,0,0,1.13,0
227,2015,72,11122.002384072155,273.10729625,1,0,38,0,2,0,3,1.13,1
228,2015,127,30480.9995289613,206.27604399999998,0,0,8,3,0,0,1,1.13,0
229,2015,122,22806.000047981597,202.249407625,0,0,5,2,0,0,1,1.13,0
230,2015,91,11659.000465902678,194.05608625,2,0,30,1,0,0,2,1.13,1
231,2015,26,36044.001671515405,248.3076125,0,0,4,5,1,0,2,1.13,1
232,2015,114,8193.999645795742,134.244575,0,0,20,0,0,0,0,1.13,0
233,2015,76,25639.998027337086,541.1466875000001,0,0,3,7,2,0,3,1.13,0
234,2015,24,22439.002161738947,217.25565,2,36,40,1,0,0,3,1.13,1
235,2015,51,51178.99507459851,76.93585999999999,1,0,17,0,0,0,0,1.13,0
236,2015,37,17077.999727956452,111.254247,0,0,2,0,0,0,0,1.13,0
237,2015,131,47749.001018706746,109.94994425,0,0,0,1,0,0,1,1.13,0
238,2015,2,33951.0031470784,190.71601425000003,2,49,103,4,0,1,2,1.13,1
239,2015,71,12156.99977742889,329.02854924999997,0,0,50,1,2,0,3,1.13,0
240,2015,99,17103.99992989282,65.04326499999999,0,0,2,0,0,0,0,1.13,0
241,2015,104,30591.000127762407,97.250825,0,0,11,4,1,0,4,1.13,0
242,2015,69,7984.99990299822,195.67940125000004,0,0,39,1,1,0,2,1.13,0
243,2015,4,10834.000387793078,144.221888875,0,54,15,0,0,0,0,1.13,0
244,2015,62,21913.998831463465,261.8189425,0,0,48,0,0,0,3,1.13,0
245,2015,18,11718.000307021066,237.881884875,1,29,2,1,0,0,1,1.13,0
246,2015,80,14392.999674131584,229.27812649999998,1,0,1,1,0,0,0,1.13,0
247,2015,45,35794.996209546916,129.208003625,0,0,12,0,0,0,0,1.13,0
248,2015,23,10624.999310719983,185.882365,0,28,1,0,0,0,0,1.13,0
249,2015,67,8019.000422900624,221.34928374999998,0,0,3,0,0,0,0,1.13,0
250,2015,7,22583.001345809982,125.094089875,0,33,1,0,0,0,0,1.13,0
251,2015,137,55101.99741112953,181.93532849999997,3,0,26,4,0,0,3,1.13,1
252,2015,60,8100.000094754717,163.58024500000002,0,0,4,0,0,0,0,1.13,0
253,2015,52,21355.000734000296,112.38585425,0,0,0,0,0,0,1,1.13,0
254,2015,39,23813.002558331988,114.95820375,0,0,1,0,0,0,0,1.13,0
255,2015,111,22901.999119259915,173.01983025,0,0,12,1,0,0,1,1.13,1
256,2015,41,9382.00042282207,126.57215375,2,0,0,1,0,0,0,1.13,0
257,2015,47,27793.999908086655,159.207023625,2,0,3,0,0,0,0,1.13,0
258,2015,113,18583.000427265277,243.50212,1,0,2,2,0,0,0,1.13,1
259,2015,103,15579.999657003948,105.90500875,0,0,3,0,0,0,0,1.13,0
260,2015,30,18299.000244678748,177.60533125,1,0,3,1,0,0,0,1.13,0
261,2015,19,10319.000177012687,224.10116875,0,62,0,0,0,0,0,1.13,0
262,2015,132,45410.000922566964,129.37678662500002,2,0,228,5,0,0,2,1.13,0
263,2015,83,12189.9996029543,193.80640499999998,0,0,14,1,0,0,0,1.13,0
264,2015,29,10410.998984132151,106.85814125,0,0,0,0,0,0,0,1.13,0
265,2015,12,10772.000511894936,105.59784124999999,0,51,0,1,0,0,0,1.13,0
266,2015,116,25388.998385056588,73.850885,0,0,0,0,1,0,0,1.13,0
267,2015,105,14983.999527760088,107.61479250000001,0,0,1,0,0,0,1,1.13,0
268,2015,100,11962.00038570311,134.80186825,1,0,0,0,0,0,2,1.13,0
269,2015,135,18000.99966660787,165.26859925000002,0,0,26,1,0,0,2,1.13,1
270,2015,73,20506.99755933014,503.4866742500001,8,0,36,5,2,1,6,1.13,0
271,2015,84,15531.99998020675,136.81431899999998,0,0,3,0,0,0,0,1.13,0
272,2015,64,12760.999397898699,160.645725,0,0,49,0,0,0,0,1.13,0
273,2015,50,16659.999200075315,132.803127625,0,0,1,0,0,0,0,1.13,0
274,2015,130,27503.00093028391,171.79943425000002,1,0,0,1,0,0,0,1.13,0
275,2015,46,16332.999775904344,108.67568874999999,0,0,0,0,0,0,0,1.13,0
276,2015,94,14709.998764608454,130.86336925,0,0,21,3,1,0,0,1.13,0
277,2015,56,17285.996693756028,92.56047125,0,0,0,0,0,0,0,1.13,0
278,2015,108,14719.99982367487,158.79755624999999,0,0,1,1,0,0,0,1.13,0
279,2015,17,33588.001740944885,155.56150199999996,0,44,3,0,0,0,0,1.13,0
280,2016,97,12950.00159095086,72.39381350000001,0,0,0,0,0,0,0,1.43,0
281,2016,27,28597.995920774905,359.29091074999997,1,0,4,8,2,0,1,1.43,1
282,2016,38,16722.000037431837,137.54335575,3,0,0,3,0,0,0,1.43,0
283,2016,31,15227.999208744002,327.52168762499997,1,0,48,4,0,0,0,1.43,0
284,2016,16,25783.00187672983,100.8416325,0,46,0,1,0,0,1,1.43,0
285,2016,118,28234.001291670807,115.10943725,1,0,15,3,0,0,0,1.43,0
286,2016,63,22209.0004054591,142.39722375,0,0,26,0,0,0,0,1.43,0
287,2016,3,10675.998714962525,161.57738925,0,60,30,1,0,0,1,1.43,1
288,2016,55,21809.999745499863,99.72489800000001,0,0,1,1,0,0,1,1.43,1
289,2016,59,17717.998526986696,102.29710750000001,2,0,6,0,0,0,1,1.43,0
290,2016,106,14863.9994463524,120.25700125,0,0,2,0,0,1,0,1.43,0
291,2016,14,45465.00096295929,189.15649000000002,2,57,5,3,1,0,0,1.43,0
292,2016,66,9981.000114231198,231.69020875,2,0,10,2,0,0,2,1.43,0
293,2016,28,10222.999700280912,168.73716624999997,0,0,7,0,0,0,0,1.43,1
294,2016,139,17235.99610636022,221.19406250000003,0,0,3,2,0,0,0,1.43,1
295,2016,85,22759.999145844988,225.175755375,2,0,10,1,0,1,2,1.43,1
296,2016,70,28911.000252720747,271.95530875000003,0,0,85,2,0,0,1,1.43,0
297,2016,40,18308.00067614952,128.3591825,0,0,19,1,0,0,0,1.43,0
298,2016,61,16236.999282739574,159.358262875,0,0,4,2,0,0,1,1.43,1
299,2016,21,12795.000644293714,343.88431249999996,0,36,12,1,0,0,3,1.43,1
300,2016,22,16045.0003325576,187.75319025,0,38,6,1,0,0,0,1.43,1
301,2016,133,13736.000433603187,121.03232000000001,0,0,0,0,0,0,0,1.43,0
302,2016,75,32849.00142231452,441.7942516249999,4,0,9,4,7,0,3,1.43,0
303,2016,120,27849.99976100574,242.3698405,0,0,8,1,0,1,1,1.43,0
304,2016,123,16378.999776862005,205.29336625000002,1,0,15,3,0,0,1,1.43,0
305,2016,44,22648.99883697835,140.7346975,2,0,51,2,0,0,3,1.43,1
306,2016,92,14635.000915186478,131.533985625,0,0,6,1,0,0,0,1.43,0
307,2016,125,14089.000178230337,139.29306375000002,0,0,12,0,1,0,1,1.43,1
308,2016,90,14892.999606100017,176.25730675000003,0,0,16,1,1,0,0,1.43,0
309,2016,57,11884.999760417288,112.536813375,0,0,0,0,0,1,0,1.43,0
310,2016,10,11336.999553144713,192.95228775,0,47,0,0,0,0,0,1.43,0
311,2016,68,12282.000743975888,188.28365575,1,0,6,3,1,0,1,1.43,0
312,2016,13,12216.000504046553,104.37131199999999,0,26,8,1,0,0,1,1.43,0
313,2016,102,13182.000495838509,76.8092825,0,0,5,0,0,0,0,1.43,0
314,2016,25,31398.000361830556,230.90642449999999,1,26,83,2,1,1,1,1.43,1
315,2016,65,14920.999224218172,211.11186675,0,0,59,1,0,0,1,1.43,0
316,2016,140,10159.999285349482,130.413395,0,0,0,0,0,0,0,1.43,0
317,2016,81,17222.99968141102,205.39395375000004,1,0,3,1,3,0,4,1.43,0
318,2016,43,18029.000888324128,155.998661125,0,0,37,3,0,0,1,1.43,1
319,2016,77,69455.9838419406,265.63586000000004,0,0,26,11,1,1,3,1.43,0
320,2016,136,28207.994416652327,294.24282624999995,2,0,26,1,0,0,4,1.43,1
321,2016,1,34419.00015774865,408.20476874999997,1,32,6,2,1,0,0,1.43,0
322,2016,35,27068.998804793966,102.5157975,0,0,1,1,0,0,2,1.43,0
323,2016,124,17646.004055594687,239.43097749999998,1,0,16,1,0,0,3,1.43,1
324,2016,6,22668.998883792523,169.28405262500002,1,40,5,4,0,0,1,1.43,1
325,2016,49,13485.998362563472,97.32316175,1,0,4,0,0,0,0,1.43,0
326,2016,33,17010.000200487215,146.23750562499998,0,0,4,0,0,0,0,1.43,0
327,2016,110,11407.999640072896,132.5824025,0,0,1,3,0,0,2,1.43,1
328,2016,54,19245.999602315853,194.19620062500002,0,0,0,0,0,0,0,1.43,0
329,2016,58,9502.000171036005,147.33739999999997,0,0,0,0,0,0,0,1.43,0
330,2016,96,11299.999858865307,108.407081,1,0,0,0,0,0,0,1.43,0
331,2016,78,18690.99880329068,741.6671600000001,2,0,76,3,1,0,11,1.43,0
332,2016,15,9498.000130244853,132.92271875,0,48,0,0,0,0,0,1.43,0
333,2016,89,10384.00033228801,131.211475,0,0,1,0,0,0,0,1.43,0
334,2016,101,11049.998566612861,80.3167525,0,0,0,0,0,0,0,1.43,0
335,2016,53,16364.000834564042,97.011728125,0,0,0,4,0,0,1,1.43,0
336,2016,95,31688.001422477242,262.71773625,0,0,16,1,2,1,2,1.43,0
337,2016,109,10292.000149310239,131.16983875,0,0,0,0,0,1,1,1.43,0
338,2016,8,11217.00021112063,134.8399725,0,53,18,0,0,0,0,1.43,0
339,2016,86,15519.000269490054,215.05895625,0,0,11,2,2,0,2,1.43,0
340,2016,79,7922.0010896233425,534.90272875,0,0,1,0,0,0,2,1.43,0
341,2016,48,17382.99851360463,100.67308,0,0,6,0,0,0,1,1.43,0
342,2016,115,14031.000536356205,191.54015375,0,0,1,0,0,0,1,1.43,1
343,2016,126,25758.000172764605,221.77575749999997,0,0,23,3,1,0,0,1.43,0
344,2016,9,15968.001009740059,124.4676775,0,37,0,0,0,0,0,1.43,0
345,2016,93,38068.99858648647,172.38436112500003,1,0,24,3,0,0,4,1.43,0
346,2016,36,24601.997774571406,165.12886625000002,0,0,0,0,0,0,1,1.43,0
347,2016,82,32886.99695313777,153.55613062499998,1,0,6,4,8,1,1,1.43,0
348,2016,112,6783.999968493423,208.21049624999998,2,0,1,1,0,0,0,1.43,1
349,2016,88,22979.99797751571,102.26284625,0,0,9,1,0,0,1,1.43,0
350,2016,87,24721.000071861385,102.64552375000002,0,0,9,0,1,0,0,1.43,0
351,2016,134,12867.000116583064,155.43638625,0,0,0,0,0,0,0,1.43,0
352,2016,74,19395.999321724823,256.49619375000003,0,0,4,1,0,0,2,1.43,0
353,2016,121,14289.000125716742,283.4348075,0,0,32,1,1,0,2,1.43,1
354,2016,98,21508.99977904368,146.450324625,2,0,1,1,0,0,2,1.43,0
355,2016,107,21893.000151061708,144.45256374999997,1,0,3,0,0,0,0,1.43,0
356,2016,119,28765.998030763334,209.44866899999997,2,0,7,3,0,0,0,1.43,0
357,2016,138,23459.99798244017,208.33335125000002,0,0,12,0,0,0,2,1.43,1
358,2016,5,9745.999620619805,182.12600750000001,0,33,14,0,0,0,1,1.43,1
359,2016,129,29954.998133330646,87.21415999999999,0,0,0,0,0,0,1,1.43,0
360,2016,128,24521.00013426593,162.61571625,0,0,13,1,0,0,1,1.43,0
361,2016,32,23026.002805929456,168.83086624999999,1,0,107,0,0,0,1,1.43,0
362,2016,11,19096.000127943204,120.44407124999998,0,41,7,0,0,0,0,1.43,0
363,2016,117,45273.003857085496,97.46426400000001,0,0,50,1,0,0,2,1.43,0
364,2016,42,28430.001001958026,100.24621524999999,2,0,1,4,0,0,4,1.43,0
365,2016,34,16353.99933102955,136.0523475,0,0,16,0,1,0,0,1.43,0
366,2016,20,12426.999829741648,147.863525,0,40,1,0,0,0,0,1.43,0
367,2016,72,11235.998260767343,250.31153750000004,1,0,39,0,2,0,3,1.43,1
368,2016,127,30918.00006633717,204.169092,0,0,8,3,0,1,1,1.43,0
369,2016,122,22909.001044851597,223.711195,0,0,5,2,0,0,2,1.43,0
370,2016,91,11483.999717474,178.509234625,2,0,30,1,0,0,2,1.43,1
371,2016,26,36152.99738029248,232.34588025,0,0,4,5,1,0,2,1.43,1
372,2016,114,8215.999198891748,77.59251,0,0,20,0,0,0,0,1.43,0
373,2016,76,27031.001203658623,486.478466,1,0,3,8,2,0,4,1.43,0
374,2016,24,22412.000285191534,266.04051062499997,2,36,40,1,0,0,3,1.43,1
375,2016,51,52362.00017423907,96.92143125000001,1,0,17,0,0,0,0,1.43,0
376,2016,37,17516.999602751326,135.58258,0,0,2,0,0,0,0,1.43,0
377,2016,131,47921.00096882392,99.12146874999999,0,0,0,1,0,0,1,1.43,0
378,2016,2,34035.999405118084,207.86814324999997,2,49,103,4,0,1,2,1.43,1
379,2016,71,12088.001497420017,348.48605875,0,0,50,1,2,0,3,1.43,0
380,2016,99,17289.00161377972,46.272191875000004,0,0,2,0,0,0,0,1.43,0
381,2016,104,30858.000596707334,81.01626649999999,0,0,11,4,1,0,4,1.43,0
382,2016,69,7982.999767149527,192.59677375,0,0,39,3,1,0,2,1.43,0
383,2016,4,10856.000994080267,166.95834875000003,0,54,15,0,0,0,0,1.43,0
384,2016,62,22062.00036418737,226.634027625,0,0,48,1,0,0,3,1.43,0
385,2016,18,11843.000320796846,220.59443800000003,1,29,2,2,0,0,1,1.43,0
386,2016,80,14413.998885842888,177.77856237499998,1,0,1,1,0,1,0,1.43,0
387,2016,45,35883.000739890434,132.02630499999998,0,0,12,0,0,0,0,1.43,0
388,2016,23,11059.999428859011,191.0036265,0,28,1,0,0,0,0,1.43,0
389,2016,67,8061.000046842059,212.44262375,0,0,3,0,0,0,0,1.43,0
390,2016,7,22774.99771137238,168.496175,0,33,1,0,0,0,0,1.43,0
391,2016,137,55211.999096275555,152.3672415,3,0,26,5,1,0,4,1.43,1
392,2016,60,8117.999530083798,150.899245,0,0,4,0,0,0,0,1.43,0
393,2016,52,22164.999111825473,103.2032525,0,0,0,0,0,0,1,1.43,0
394,2016,39,23859.996851410026,121.018456875,0,0,1,0,0,0,0,1.43,0
395,2016,111,22936.999700410222,176.57060875,0,0,12,1,0,0,2,1.43,1
396,2016,41,9499.999423214322,128.94737625,2,0,0,1,0,0,0,1.43,0
397,2016,47,27908.00045706688,147.35917775000001,2,0,3,0,0,0,0,1.43,0
398,2016,113,18565.99982939375,286.14133625,1,0,2,2,0,0,0,1.43,1
399,2016,103,15605.001413075057,88.91380162499999,0,0,3,0,0,0,0,1.43,0
400,2016,30,18328.000309949,155.49977912499998,1,0,3,1,0,0,0,1.43,0
401,2016,19,10420.99968961832,152.3366325,0,62,0,0,0,0,0,1.43,0
402,2016,132,45180.99779568718,146.90910612500002,2,0,228,6,0,0,2,1.43,0
403,2016,83,12273.000625923032,183.32925,0,0,14,1,0,0,0,1.43,0
404,2016,29,10413.0015292024,117.64139250000001,0,0,0,0,0,0,0,1.43,0
405,2016,12,10815.00126813068,130.605625,0,51,0,1,0,0,0,1.43,0
406,2016,116,25320.999908204383,80.4668065,0,0,0,0,1,0,0,1.43,0
407,2016,105,15012.998972523406,76.600285,0,0,1,0,0,0,1,1.43,0
408,2016,100,12235.999348032201,118.502785,1,0,0,0,0,0,2,1.43,0
409,2016,135,18001.99976635615,158.31574475,0,0,26,1,0,0,2,1.43,1
410,2016,73,21425.997554790974,512.2281925,9,0,36,6,2,1,6,1.43,0
411,2016,84,16268.999656936312,159.0448125,0,0,3,0,0,0,0,1.43,0
412,2016,64,12955.999996691902,173.664711375,0,0,49,0,0,0,0,1.43,0
413,2016,50,16614.00149905762,136.932695,0,0,1,0,0,0,0,1.43,0
414,2016,130,27383.999807645752,132.833042125,1,0,0,1,0,0,0,1.43,0
415,2016,46,16287.000441782346,98.23785574999998,0,0,0,0,0,0,0,1.43,0
416,2016,94,14798.99865100163,143.59079625,0,0,21,3,1,0,0,1.43,0
417,2016,56,17265.001303100405,76.74485375,0,0,0,0,0,0,0,1.43,0
418,2016,108,14723.000698354424,164.70827175,0,0,1,3,0,0,0,1.43,0
419,2016,17,35223.00004688371,151.53450850000002,0,44,3,0,1,0,0,1.43,0
420,2017,97,13215.000434761048,50.132423624999994,0,0,0,0,0,0,0,1.6,0
421,2017,27,28981.996588257385,360.56867125,1,0,4,8,2,0,1,1.6,1
422,2017,38,17053.99981750596,153.92283500000002,3,0,0,3,0,0,0,1.6,0
423,2017,31,15797.002730434247,333.13281575,1,0,48,4,0,0,0,1.6,0
424,2017,16,26165.99906389062,129.46190175,0,46,0,1,0,0,1,1.6,0
425,2017,118,28650.999208922345,132.63062737500002,1,0,15,3,0,0,0,1.6,0
426,2017,63,22502.999030533563,154.42386125000002,0,0,26,0,0,0,0,1.6,0
427,2017,3,10741.000596707338,167.5821525,0,60,30,1,0,0,1,1.6,1
428,2017,55,22197.99915885148,97.98180387499998,0,0,1,1,0,0,1,1.6,1
429,2017,59,17889.00095664287,98.52422750000001,2,0,6,0,0,0,1,1.6,0
430,2017,106,15104.002213708323,121.656497,0,0,2,0,0,1,0,1.6,0
431,2017,14,46902.000142556724,177.49776075,2,57,5,3,1,0,0,1.6,0
432,2017,66,10072.999824375009,223.36940725000002,2,0,10,2,0,0,2,1.6,0
433,2017,28,10348.000330886956,142.539616625,0,0,7,0,0,0,0,1.6,1
434,2017,139,17434.999054462638,200.74563750000002,0,0,3,2,0,0,0,1.6,1
435,2017,85,23091.00041819218,229.52665125,2,0,10,1,0,1,2,1.6,1
436,2017,70,29222.99878034237,251.51422874999997,0,0,85,2,0,0,1,1.6,0
437,2017,40,18730.999559402015,128.12984125,0,0,19,1,0,0,0,1.6,0
438,2017,61,16320.999608332648,150.1133545,0,0,4,2,0,0,1,1.6,1
439,2017,21,12960.000537840024,370.37035499999996,0,36,12,1,0,0,3,1.6,1
440,2017,22,16223.999119220247,230.36860225,0,38,6,1,0,0,0,1.6,1
441,2017,133,13962.000423657106,119.96848225,0,0,0,0,0,0,0,1.6,0
442,2017,75,34383.99802047466,521.681626125,4,0,9,4,7,0,3,1.6,0
443,2017,120,28186.000155681355,243.02845250000001,0,0,8,1,0,1,1,1.6,0
444,2017,123,16703.00020113,212.53666750000002,1,0,15,3,0,0,1,1.6,0
445,2017,44,22836.00079826095,105.09721125000002,2,0,51,2,0,0,3,1.6,1
446,2017,92,14759.998840669181,167.68294000000003,0,0,6,1,0,0,0,1.6,0
447,2017,125,14156.000803552946,145.697929,0,0,12,0,1,0,1,1.6,1
448,2017,90,15062.001479404254,190.04778375,0,0,16,1,1,0,0,1.6,0
449,2017,57,11993.999929571233,109.42971549999999,0,0,0,0,0,1,0,1.6,0
450,2017,10,11575.999233697536,122.01970399999999,0,47,0,0,0,0,0,1.6,0
451,2017,68,12359.000666451533,156.76833850000003,1,0,6,3,1,0,1,1.6,0
452,2017,13,12421.00109513456,94.59785012500001,0,26,8,1,0,0,1,1.6,0
453,2017,102,13278.999975285335,143.08306375,0,0,5,0,0,0,0,1.6,0
454,2017,25,31781.001216832738,198.23164025,1,26,83,2,1,1,1,1.6,1
455,2017,65,15052.000042845315,153.634068125,0,0,59,1,0,0,1,1.6,0
456,2017,140,10281.00048728303,137.3893525,0,0,0,0,0,0,0,1.6,0
457,2017,81,17480.000522084054,226.68763624999997,1,0,3,1,3,0,4,1.6,0
458,2017,43,18256.99965768437,120.501727625,0,0,37,3,0,0,1,1.6,1
459,2017,77,73848.98750258896,268.283976125,0,0,26,11,1,1,3,1.6,0
460,2017,136,28558.00064485553,315.1481124999999,2,0,26,1,0,0,4,1.6,1
461,2017,1,35085.001155079546,415.06340375,1,32,6,2,1,0,0,1.6,0
462,2017,35,27339.999067052777,103.32845999999999,0,0,1,1,0,0,2,1.6,0
463,2017,124,17830.99961268961,284.61668499999996,1,0,16,1,0,0,3,1.6,1
464,2017,6,22810.00043177938,143.577375625,1,40,5,4,0,0,1,1.6,1
465,2017,49,13616.001353329673,99.14805125000001,1,0,4,0,0,0,0,1.6,0
466,2017,33,17432.998687793504,162.04899975,0,0,4,0,0,0,0,1.6,0
467,2017,110,11567.99958125743,157.762799625,0,0,1,3,0,0,2,1.6,1
468,2017,54,19466.00022527907,156.68344624999997,0,0,0,0,0,0,0,1.6,0
469,2017,58,9587.000161165808,119.9541025,0,0,0,0,0,0,0,1.6,0
470,2017,96,11544.00096127575,110.44697625,1,0,0,0,0,0,0,1.6,0
471,2017,78,19296.000924668442,735.255976375,2,0,76,3,1,0,11,1.6,0
472,2017,15,9695.000180598463,161.16554625,0,48,0,0,0,0,0,1.6,0
473,2017,89,10480.999258469303,145.50139375,0,0,1,0,0,0,0,1.6,0
474,2017,101,11395.000514874331,142.60639987500002,0,0,0,0,0,0,0,1.6,0
475,2017,53,17859.99984770084,109.88241975,0,0,0,4,0,0,1,1.6,0
476,2017,95,32407.000171474847,275.017741625,0,0,16,1,2,1,2,1.6,0
477,2017,109,10398.000015041838,138.24773975,0,0,0,0,0,1,1,1.6,0
478,2017,8,11482.999993529504,143.69067325,0,53,18,0,0,0,0,1.6,0
479,2017,86,15649.999243583368,234.8242925,0,0,11,2,2,0,2,1.6,0
480,2017,79,8041.999846565258,604.63816125,0,0,1,0,0,0,2,1.6,0
481,2017,48,17622.001294539325,110.65712500000001,0,0,6,0,0,0,1,1.6,0
482,2017,115,14190.999500476813,168.24044000000004,0,0,1,0,0,0,1,1.6,1
483,2017,126,26054.999893129054,206.294378125,0,0,23,3,1,0,0,1.6,0
484,2017,9,16365.998905177139,100.05499875,0,37,0,0,0,0,0,1.6,0
485,2017,93,38608.00127767273,189.40374425000002,1,0,24,3,0,0,4,1.6,0
486,2017,36,24962.00055457245,180.2740125,0,0,0,0,0,0,1,1.6,0
487,2017,82,34077.999890680374,173.13222662500002,1,0,6,4,8,1,1,1.6,0
488,2017,112,6862.999814913131,227.67012125,2,0,1,1,0,0,0,1.6,1
489,2017,88,23350.00134262508,140.25695125,0,0,9,1,0,0,1,1.6,0
490,2017,87,25147.99874220124,112.83204,0,0,9,0,1,0,0,1.6,0
491,2017,134,13139.00124016319,175.05135725000002,0,0,0,0,0,0,0,1.6,0
492,2017,74,19661.000846212537,204.08421887500003,0,0,4,1,0,0,2,1.6,0
493,2017,121,14631.99829273844,293.8764695,0,0,32,1,1,0,2,1.6,1
494,2017,98,22034.999574881902,158.838215,2,0,1,1,0,0,2,1.6,0
495,2017,107,22059.998645702024,147.89212150000003,1,0,3,0,0,0,0,1.6,0
496,2017,119,29035.999823662543,233.33103875000003,2,0,7,3,0,0,0,1.6,0
497,2017,138,23799.00046643883,208.5171605,0,0,12,0,0,0,2,1.6,1
498,2017,5,9817.999637671852,170.6050175,0,33,14,0,0,0,1,1.6,1
499,2017,129,30353.001577070852,117.78077337500001,0,0,0,0,0,0,1,1.6,0
500,2017,128,25219.999852497083,183.3862025,0,0,13,1,0,0,1,1.6,0
501,2017,32,23534.0008199008,147.127555,1,0,107,0,0,0,1,1.6,0
502,2017,11,19281.0006775491,101.78413625000002,0,41,7,0,0,0,0,1.6,0
503,2017,117,46046.99402247677,105.870103,0,0,50,1,0,0,2,1.6,0
504,2017,42,29088.00135647192,114.3083005,2,0,1,4,0,0,4,1.6,0
505,2017,34,16666.000359306992,125.2550075,0,0,16,0,1,0,0,1.6,0
506,2017,20,12619.000363625713,88.1607075,0,40,1,0,0,0,0,1.6,0
507,2017,72,11697.99815955547,246.837105,1,0,39,0,2,0,3,1.6,1
508,2017,127,31364.99982584598,231.54790499999996,0,0,8,3,0,1,1,1.6,0
509,2017,122,23208.000708828262,178.81764362500002,0,0,5,2,0,0,2,1.6,0
510,2017,91,11638.000325332574,121.36964775,2,0,30,1,0,0,2,1.6,1
511,2017,26,36829.993673828285,257.94193950000005,0,0,4,5,1,0,2,1.6,1
512,2017,114,8273.000852459743,77.05789124999998,0,0,20,0,0,0,0,1.6,0
513,2017,76,28408.999696535197,564.5218125,1,0,3,8,2,0,4,1.6,0
514,2017,24,22586.999448740007,236.86191749999998,2,36,40,1,0,0,3,1.6,1
515,2017,51,53660.0039224074,99.00297450000002,1,0,17,0,0,0,0,1.6,0
516,2017,37,18006.999989727436,131.19897825,0,0,2,0,0,0,0,1.6,0
517,2017,131,48616.00067686069,127.01579550000002,0,0,0,1,0,0,1,1.6,0
518,2017,2,34434.998676557305,183.31640025000002,2,49,103,4,0,1,2,1.6,1
519,2017,71,12221.000499874268,332.41959199999997,0,0,50,1,2,0,3,1.6,0
520,2017,99,17448.000038654034,83.820495,0,0,2,0,0,0,0,1.6,0
521,2017,104,32156.99897185938,96.7907485,0,0,11,4,1,0,4,1.6,0
522,2017,69,8052.999399329552,180.057135,0,0,39,3,1,0,2,1.6,0
523,2017,4,10917.99971894885,206.08170525000003,0,54,15,0,0,0,0,1.6,0
524,2017,62,22310.99915665739,208.97764225,0,0,48,1,0,0,3,1.6,0
525,2017,18,12011.001286777311,193.57253775000004,1,29,2,2,0,0,1,1.6,0
526,2017,80,14550.999984925675,195.86282749999998,1,0,1,1,0,1,0,1.6,0
527,2017,45,36467.00705290068,151.5068125,0,0,12,0,0,0,0,1.6,0
528,2017,23,11360.000216467944,218.97006625,0,28,1,0,0,0,0,1.6,0
529,2017,67,8101.0000050022245,220.65177125000002,0,0,3,0,0,0,0,1.6,0
530,2017,7,23106.001951711813,134.16427499999998,0,33,1,0,0,0,0,1.6,0
531,2017,137,55916.00489890555,180.85161875000003,3,0,26,5,1,0,4,1.6,1
532,2017,60,8167.999411904042,104.06465,0,0,4,0,0,0,0,1.6,0
533,2017,52,22797.998652666083,89.92017375,0,0,0,0,0,0,1,1.6,0
534,2017,39,24381.999644503172,171.74555249999997,0,0,1,0,0,0,0,1.6,0
535,2017,111,23129.001653506366,169.159917,0,0,12,1,0,0,2,1.6,1
536,2017,41,9851.000004479258,148.462085,2,0,0,1,0,0,0,1.6,0
537,2017,47,28249.002339215356,112.39334975000001,2,0,6,0,0,0,0,1.6,0
538,2017,113,18912.00011255599,291.48159725,1,0,2,2,0,0,0,1.6,1
539,2017,103,15847.99897649819,98.59288875000001,0,0,3,0,0,0,0,1.6,0
540,2017,30,18448.000881196866,157.87618500000002,1,0,3,1,0,0,0,1.6,0
541,2017,19,10695.999920136534,196.33508,0,62,0,0,0,0,0,1.6,0
542,2017,132,45741.99966581503,148.113332375,2,0,228,6,0,0,2,1.6,0
543,2017,83,12406.00015289639,165.24262249999998,0,0,14,1,0,0,0,1.6,0
544,2017,29,10545.000760617362,58.08439599999999,0,0,0,0,0,0,0,1.6,0
545,2017,12,10894.999892076157,98.66911525,0,51,0,1,0,0,0,1.6,0
546,2017,116,25699.99554695046,77.33464375,0,0,0,0,1,0,0,1.6,0
547,2017,105,15194.001790113878,115.17703,0,0,1,0,0,0,1,1.6,0
548,2017,100,12458.999547729018,134.44097125000002,1,0,0,0,0,0,2,1.6,0
549,2017,135,18213.999218036286,166.767329,0,0,26,1,0,0,2,1.6,1
550,2017,73,22012.99995480672,506.51887625,9,0,36,6,2,1,6,1.6,0
551,2017,84,16623.998404096154,153.3927,0,0,3,0,0,0,0,1.6,0
552,2017,64,13079.000122750262,162.47419375,0,0,49,0,0,0,0,1.6,0
553,2017,50,16885.999564471098,153.97371000000004,0,0,1,0,0,0,0,1.6,0
554,2017,130,27816.001438782674,172.562545,1,0,0,1,0,0,0,1.6,0
555,2017,46,16426.999300647425,90.55214362499999,0,0,0,0,0,0,0,1.6,0
556,2017,94,15095.99962773657,127.51722625,0,0,21,3,1,0,0,1.6,0
557,2017,56,17601.999049626414,93.02920625000002,0,0,0,0,0,0,0,1.6,0
558,2017,108,14898.999213834704,159.40668,0,0,1,3,0,0,0,1.6,0
559,2017,17,36044.00031787821,192.47308674999996,0,44,3,0,1,0,0,1.6,0
560,2018,97,13507.998642207758,78.65710000000001,0,0,0,0,0,0,0,2.27,0
561,2018,27,29456.05954469375,378.10556375,1,0,4,8,2,0,1,2.27,1
562,2018,38,18273.577450289948,162.8033705,3,0,0,3,0,0,0,2.27,0
563,2018,31,16415.84901672268,369.307733875,1,0,48,4,0,0,0,2.27,0
564,2018,16,26601.001025028192,126.874924625,0,46,0,1,0,0,1,2.27,0
565,2018,118,29001.79710456564,137.060472,1,0,15,3,0,0,0,2.27,0
566,2018,63,22792.001327570768,157.95014874999998,0,0,26,0,0,0,0,2.27,0
567,2018,3,10945.48178193901,187.29189275000002,0,60,30,1,0,0,1,2.27,1
568,2018,55,22640.00189911221,94.41253624999999,0,0,1,1,0,0,1,2.27,1
569,2018,59,18083.998149591396,111.28623124999999,2,0,6,0,0,0,1,2.27,0
570,2018,106,15358.999342107712,137.5415125,0,0,2,0,0,1,0,2.27,0
571,2018,14,48495.61783953538,202.85338012499997,2,57,5,3,1,0,0,2.27,0
572,2018,66,10170.99973490676,283.89539625000003,2,0,10,2,0,0,2,2.27,0
573,2018,28,10417.888435384893,191.977483,0,0,7,0,0,0,0,2.27,1
574,2018,139,17675.99517125374,223.46690875000002,0,0,3,2,0,0,0,2.27,1
575,2018,85,23420.48267615279,206.54997025,2,0,10,1,0,1,2,2.27,1
576,2018,70,29660.40427524062,273.5127925,0,0,85,2,0,0,1,2.27,0
577,2018,40,19183.999244631912,132.923274625,0,0,19,1,0,0,0,2.27,0
578,2018,61,16370.514761328903,174.857055,0,0,4,2,0,0,1,2.27,1
579,2018,21,13071.916384937087,409.27434375000007,0,36,12,1,0,0,3,2.27,1
580,2018,22,16421.998959811266,219.97931,0,38,6,1,0,0,0,2.27,1
581,2018,133,14204.998061148086,95.91694375,0,0,0,0,0,0,0,2.27,0
582,2018,75,36028.289910693784,536.7309979999999,4,0,9,4,7,0,3,2.27,0
583,2018,120,28670.864496462164,252.8699475,0,0,8,1,0,1,1,2.27,0
584,2018,123,17050.99965859451,219.19535949999997,1,0,15,3,0,0,1,2.27,0
585,2018,44,23074.00020987852,115.93135025000001,2,0,51,2,0,0,3,2.27,1
586,2018,92,14897.999823280985,165.29064499999998,0,0,6,1,0,0,0,2.27,0
587,2018,125,14249.999550354745,129.8245655,0,0,12,0,1,0,1,2.27,1
588,2018,90,15262.999816267606,271.08039375,0,0,16,1,1,0,0,2.27,0
589,2018,57,12247.712948683953,101.039272,0,0,0,0,0,1,0,2.27,0
590,2018,10,11920.433143753675,117.44539674999999,0,47,0,0,0,0,0,2.27,0
591,2018,68,12594.423100174321,156.81544,1,0,6,3,1,0,1,2.27,0
592,2018,13,12398.257551291172,103.84523749999998,0,26,8,1,0,0,1,2.27,0
593,2018,102,13388.000414347382,144.71914700000002,0,0,5,0,0,0,0,2.27,0
594,2018,25,32107.73979011739,218.79459737499997,1,26,83,2,1,1,1,2.27,1
595,2018,65,15208.000972763202,218.63491499999998,0,0,59,1,0,0,1,2.27,0
596,2018,140,10314.809550325877,119.97313125,0,0,0,0,0,0,0,2.27,0
597,2018,81,17751.999030571787,207.01893875000002,1,0,3,1,3,0,4,2.27,0
598,2018,43,18423.257545112607,149.267847625,0,0,37,3,0,0,1,2.27,1
599,2018,77,78547.38855338731,273.5609725,0,0,26,11,1,1,3,2.27,0
600,2018,136,28905.46228883976,300.9811748750001,2,0,26,1,0,0,4,2.27,1
601,2018,1,35773.00037703747,539.5130348749999,1,32,6,2,1,0,0,2.27,0
602,2018,35,27651.000737617687,121.60500199999998,0,0,1,1,0,0,2,2.27,0
603,2018,124,18074.977720149178,284.23271550000004,1,0,16,1,0,0,3,2.27,1
604,2018,6,23157.02804125346,147.903262625,1,40,5,4,0,0,1,2.27,1
605,2018,49,13642.357461872043,109.035407125,1,0,4,0,0,0,0,2.27,0
606,2018,33,17876.000721300104,179.71021875,0,0,4,0,0,0,0,2.27,0
607,2018,110,11661.803213932813,183.29069362500002,0,0,1,3,0,0,2,2.27,1
608,2018,54,19697.000826005296,178.32664125,0,0,0,0,0,0,0,2.27,0
609,2018,58,9739.50008278575,165.56291250000004,0,0,0,0,0,0,0,2.27,0
610,2018,96,11817.000734647523,121.6467725,1,0,0,0,0,0,0,2.27,0
611,2018,78,19956.01090033337,694.02648,2,0,76,3,1,0,11,2.27,0
612,2018,15,9918.000585901378,138.63681375,0,48,0,0,0,0,0,2.27,0
613,2018,89,10598.000772947524,148.612935,0,0,1,0,0,0,0,2.27,0
614,2018,101,11747.00026054431,120.24346374999999,0,0,0,0,0,0,0,2.27,0
615,2018,53,19537.389297076566,96.60963249999999,0,0,0,4,0,0,1,2.27,0
616,2018,95,33204.819710360236,298.90239087500004,0,0,16,1,2,1,2,2.27,0
617,2018,109,10512.998577061922,134.357480375,0,0,0,0,0,1,1,2.27,0
618,2018,8,11946.211266968214,134.98003375000002,0,53,18,0,0,0,0,2.27,0
619,2018,86,15913.749846432314,227.790435,0,0,11,2,2,0,2,2.27,0
620,2018,79,8149.514018527454,532.24032625,0,0,1,0,0,0,2,2.27,0
621,2018,48,17787.806194129513,143.35663275000002,0,0,6,0,0,0,1,2.27,0
622,2018,115,14200.827531635863,152.27985800000002,0,0,1,0,0,0,1,2.27,1
623,2018,126,26290.362765053214,223.9413755,0,0,23,3,1,0,0,2.27,0
624,2018,9,16788.000541580896,89.34953250000001,0,37,0,0,0,0,0,2.27,0
625,2018,93,39122.513641778205,246.34153337500004,1,0,24,3,0,0,4,2.27,0
626,2018,36,25423.435751970195,185.36047000000002,0,0,0,0,0,0,1,2.27,0
627,2018,82,35517.67934226626,152.740835,1,0,6,4,8,1,1,2.27,0
628,2018,112,6959.0001072747555,211.9557375,2,0,1,1,0,0,0,2.27,1
629,2018,88,23761.999809904,132.03855000000001,0,0,9,1,0,0,1,2.27,0
630,2018,87,25325.162848142812,89.33802374999999,0,0,9,0,1,0,0,2.27,0
631,2018,134,13404.999578836077,124.02089162500002,0,0,0,0,0,0,0,2.27,0
632,2018,74,19979.000310864965,241.50357499999998,0,0,4,1,0,0,2,2.27,0
633,2018,121,15003.002523966657,292.44146249999994,0,0,32,1,1,0,2,2.27,1
634,2018,98,22590.99934394389,185.3614325,2,0,1,1,0,0,2,2.27,0
635,2018,107,22073.933279793193,133.641792,1,0,3,0,0,0,0,2.27,0
636,2018,119,29330.9996158216,233.96747775000003,2,0,7,3,0,0,0,2.27,0
637,2018,138,24092.324565118364,184.70612862500002,0,0,12,0,0,0,2,2.27,1
638,2018,5,9897.000046088528,166.71718625000003,0,33,14,0,0,0,1,2.27,1
639,2018,129,30896.988161594003,125.01218500000002,0,0,0,0,0,0,1,2.27,0
640,2018,128,26027.534253398917,177.21617249999997,0,0,13,1,0,0,1,2.27,0
641,2018,32,24148.44057151953,139.7605775,1,0,108,0,0,0,1,2.27,0
642,2018,11,19647.34962215175,100.52246424999998,0,41,7,0,0,0,0,2.27,0
643,2018,117,46911.0020624446,104.45310875000001,0,0,50,1,0,0,2,2.27,0
644,2018,42,29795.000868485506,112.85450250000001,2,0,1,4,0,0,4,2.27,0
645,2018,34,16982.000973801565,139.85395499999998,0,0,16,0,1,0,0,2.27,0
646,2018,20,12844.00113822856,109.97351875000001,0,40,1,0,0,0,0,2.27,0
647,2018,72,12253.513864256827,302.9743175,1,0,41,0,2,0,3,2.27,1
648,2018,127,31770.83712112138,197.90161575,0,0,8,3,0,1,1,2.27,0
649,2018,122,23619.972966750636,223.327944,0,0,5,2,0,0,2,2.27,0
650,2018,91,11785.999892917067,193.025625375,2,0,30,1,0,0,2,2.27,1
651,2018,26,37469.265066058346,298.578047375,0,0,4,5,1,0,2,2.27,1
652,2018,114,8325.999959800365,117.10305125,0,0,20,0,0,0,0,2.27,0
653,2018,76,29836.325265315892,551.341355,1,0,3,8,2,0,4,2.27,0
654,2018,24,23039.995656223087,220.26913875,2,36,40,1,0,0,3,2.27,1
655,2018,51,55056.99244529667,106.480571125,1,0,17,0,0,0,0,2.27,0
656,2018,37,18530.00087117226,143.01132625,0,0,2,0,0,0,0,2.27,0
657,2018,131,49382.00173566707,125.80494475,0,0,0,1,0,0,1,2.27,0
658,2018,2,34827.410092305014,187.71134524999997,2,49,103,4,0,1,2,2.27,1
659,2018,71,12364.999896535764,320.46098125000003,0,0,50,1,2,0,3,2.27,0
660,2018,99,17633.998761501196,97.1135375,0,0,2,0,0,0,0,2.27,0
661,2018,104,33323.355075857115,111.783462125,0,0,11,4,1,0,4,2.27,0
662,2018,69,8261.095742762696,192.16579125,0,0,39,3,1,0,2,2.27,0
663,2018,4,10885.588395056135,251.47928625000003,0,54,15,0,0,0,0,2.27,0
664,2018,62,22646.05882532536,240.10800475,0,0,48,1,0,0,3,2.27,0
665,2018,18,12319.817804777502,201.91045350000002,1,29,2,2,0,0,1,2.27,0
666,2018,80,14717.000128681546,211.49011162500003,1,0,1,1,0,1,0,2.27,0
667,2018,45,37169.29597269297,111.314995125,0,0,12,0,0,0,0,2.27,0
668,2018,23,11661.999952736129,259.38947112500006,0,28,1,0,0,0,0,2.27,0
669,2018,67,8155.999822077876,185.44630124999998,0,0,3,0,0,0,0,2.27,0
670,2018,7,23550.377264665764,155.51767850000002,0,33,1,0,0,0,0,2.27,0
671,2018,137,56657.99943281091,176.49758375000005,3,0,26,5,1,0,4,2.27,1
672,2018,60,8132.673970827188,153.700985,0,0,4,0,0,0,0,2.27,0
673,2018,52,23607.725258527946,85.777006375,0,0,0,0,0,0,1,2.27,0
674,2018,39,24938.00181679447,143.35551125,0,0,1,0,0,0,0,2.27,0
675,2018,111,23272.94898683497,173.484675375,0,0,12,1,0,0,2,2.27,1
676,2018,41,10218.000087342434,145.5764325,2,0,0,1,0,0,0,2.27,0
677,2018,47,28651.99814969861,134.37108225,2,0,6,0,0,0,0,2.27,0
678,2018,113,19250.386477556098,251.94299374999997,1,0,2,2,0,0,0,2.27,1
679,2018,103,16094.998006232123,90.09010125,0,0,3,0,0,0,0,2.27,0
680,2018,30,18607.001021351938,173.99364874999998,1,0,3,1,0,0,0,2.27,0
681,2018,19,10988.000796112978,154.71422249999998,0,62,0,0,0,0,0,2.27,0
682,2018,132,46462.41052498091,146.354868875,2,0,228,6,0,0,2,2.27,0
683,2018,83,12521.167846535522,236.59933612499998,0,0,14,1,0,0,0,2.27,0
684,2018,29,10688.000238353423,113.44498250000001,0,0,0,0,0,0,0,2.27,0
685,2018,12,10987.001798909816,109.219969375,0,51,0,1,0,0,0,2.27,0
686,2018,116,26124.00007487047,81.8213135,0,0,0,0,1,0,0,2.27,0
687,2018,105,15391.001145103528,95.83522125,0,0,1,0,0,0,1,2.27,0
688,2018,100,12634.524788221155,159.28576925000002,1,0,0,0,0,0,2,2.27,0
689,2018,135,18422.999187182417,145.87744225,0,0,26,1,0,0,2,2.27,1
690,2018,73,22664.043983496897,656.3259412499999,9,0,36,6,2,1,6,2.27,0
691,2018,84,17084.74502340281,152.914193125,0,0,3,0,0,0,0,2.27,0
692,2018,64,13221.998917351619,225.0038,0,0,49,0,0,0,0,2.27,0
693,2018,50,17184.999282185985,146.93046875,0,0,1,0,0,0,0,2.27,0
694,2018,130,28197.85554508939,178.20504087499998,1,0,0,1,0,0,0,2.27,0
695,2018,46,16568.999129059634,103.35566962499999,0,0,0,0,0,0,0,2.27,0
696,2018,94,15428.001926776782,156.37151275,0,0,21,3,1,0,0,2.27,0
697,2018,56,17948.000150620566,105.16492000000001,0,0,0,0,0,0,0,2.27,0
698,2018,108,15088.999693926982,187.22248375000004,0,0,1,3,0,0,0,2.27,0
699,2018,17,36893.85004789463,222.59807499999997,0,44,3,0,1,0,0,2.27,0
700,2019,97,13789.999686106838,91.55185125,0,0,0,0,0,0,0,1.95,0
701,2019,27,29846.996719763265,386.1360025,1,0,4,8,2,0,1,1.95,1
702,2019,38,17784.99943808407,166.57296,3,0,0,3,0,0,0,1.95,0
703,2019,31,16971.00014822754,397.73731312500007,1,0,48,4,0,0,0,1.95,0
704,2019,16,27007.001186579226,131.44739675,0,46,0,1,0,0,1,1.95,0
705,2019,118,29536.99988889115,125.68981325,1,0,15,3,0,0,0,1.95,0
706,2019,63,23087.999761304432,131.02044487499998,0,0,26,0,0,0,0,1.95,0
707,2019,3,10890.999988225496,224.95638624999998,0,60,30,1,0,0,1,1.95,1
708,2019,55,23058.001985733685,116.55389749999999,0,0,1,1,0,0,1,1.95,1
709,2019,59,18258.001849252505,149.24962887499998,2,0,6,0,0,0,1,1.95,0
710,2019,106,15610.000578090356,120.11530625,0,0,2,0,0,1,0,1.95,0
711,2019,14,49943.000461791606,195.97340787500002,2,57,5,3,1,0,0,1.95,0
712,2019,66,10271.00098045603,300.603612625,2,0,10,2,0,0,2,1.95,0
713,2019,28,10621.001108147759,189.48307975,0,0,7,0,0,0,0,1.95,1
714,2019,139,17892.001486111836,227.75540250000003,0,0,3,2,0,0,0,1.95,1
715,2019,85,23836.004292172365,243.85379062499996,2,0,10,1,0,1,2,1.95,1
716,2019,70,29910.99949385448,267.46013625,0,0,85,2,0,0,1,1.95,0
717,2019,40,19631.999444249566,166.819483125,0,0,19,1,0,0,0,1.95,0
718,2019,61,16533.999832320093,198.83271037500003,0,0,4,2,0,0,1,1.95,1
719,2019,21,13300.001857576754,423.8721212500001,0,36,12,1,0,0,3,1.95,1
720,2019,22,16602.000270447497,272.55751875000004,0,38,6,1,0,0,0,1.95,1
721,2019,133,14436.999680638812,118.61882925,0,0,0,0,0,0,0,1.95,0
722,2019,75,37616.99677729645,602.1214328750001,4,0,9,4,7,0,3,1.95,0
723,2019,120,28946.000025562218,259.10315737499997,0,0,8,1,0,1,1,1.95,0
724,2019,123,17385.999977810996,245.88749599999994,1,0,15,3,0,0,1,1.95,0
725,2019,44,23278.999897261296,116.52132875000001,2,0,51,2,0,0,3,1.95,1
726,2019,92,15028.000824098817,190.477764375,0,0,6,1,0,0,0,1.95,0
727,2019,125,14331.998757773075,134.314831625,0,0,12,0,1,0,1,1.95,1
728,2019,90,15447.000690725821,199.06777125000002,0,0,16,1,1,0,0,1.95,0
729,2019,57,12255.000100137491,132.598938125,0,0,0,0,0,1,0,1.95,0
730,2019,10,12069.000178874398,148.1067175,0,47,0,0,0,0,0,1.95,0
731,2019,68,12519.999529154411,213.658155,1,0,6,3,1,0,1,1.95,0
732,2019,13,12849.999696114872,107.97665625,0,26,8,1,0,0,1,1.95,0
733,2019,102,13487.00085480529,151.998210875,0,0,5,0,0,0,0,1.95,0
734,2019,25,32620.997389197877,238.34341750000004,1,26,83,2,1,1,1,1.95,1
735,2019,65,15342.000401581716,257.46316625000003,0,0,59,1,0,0,1,1.95,0
736,2019,140,10546.000649006153,94.82267575,0,0,0,0,0,0,0,1.95,0
737,2019,81,18014.000070027676,232.45808725,1,0,3,1,3,0,4,1.95,0
738,2019,43,18761.99925794587,175.887439,0,0,37,3,0,0,1,1.95,1
739,2019,77,83070.9940308842,251.14060862499997,0,0,26,11,1,1,3,1.95,0
740,2019,136,29308.999143812103,303.66100037499996,2,0,26,1,0,0,4,1.95,1
741,2019,1,36465.99576789809,476.81407387499996,1,32,6,2,1,0,0,1.95,0
742,2019,35,27949.00200585635,109.12733125,0,0,1,1,0,0,2,1.95,0
743,2019,124,18223.000450837502,266.833116375,1,0,16,1,0,0,3,1.95,1
744,2019,6,23152.998036280518,122.014436125,1,40,5,4,0,0,1,1.95,1
745,2019,49,13892.001914593444,110.6751935,1,0,4,0,0,0,0,1.95,0
746,2019,33,18302.999192231182,176.200630625,0,0,4,0,0,0,0,1.95,0
747,2019,110,11896.999439468296,163.90687499999999,0,0,1,3,0,0,2,1.95,1
748,2019,54,19937.00039472629,189.9734125,0,0,0,0,0,0,0,1.95,0
749,2019,58,9748.000035326086,150.030775,0,0,0,0,0,0,0,1.95,0
750,2019,96,12071.000336405368,139.79785875,1,0,0,0,0,0,0,1.95,0
751,2019,78,20565.00071962302,699.00313625,2,0,76,3,1,0,11,1.95,0
752,2019,15,10118.999433336034,155.64779999999996,0,48,0,0,0,0,0,1.95,0
753,2019,89,10700.000011228396,189.25233624999998,0,0,1,0,0,0,0,1.95,0
754,2019,101,12109.000825519577,135.229985,0,0,0,0,0,0,0,1.95,0
755,2019,53,20958.000470065228,148.511305,0,0,0,4,0,0,1,1.95,0
756,2019,95,33923.998967058775,300.303629,0,0,16,1,2,1,2,1.95,0
757,2019,109,10622.00042512327,154.16116875,0,0,0,0,0,1,1,1.95,0
758,2019,8,12047.998525149735,114.12684000000002,0,53,18,0,0,0,0,1.95,0
759,2019,86,15940.999499646765,244.65216250000003,0,0,11,2,2,0,2,1.95,0
760,2019,79,8308.000833761642,511.55507625,0,0,1,0,0,0,2,1.95,0
761,2019,48,18117.000751716434,145.581492,0,0,6,0,0,0,1,1.95,0
762,2019,115,14539.00042308491,159.91470750000002,0,0,1,0,0,0,1,1.95,1
763,2019,126,26728.99851987528,194.54526125,0,0,23,3,1,0,0,1.95,0
764,2019,9,17207.000833783306,114.05241500000002,0,37,0,0,0,0,0,1.95,0
765,2019,93,39810.997381103436,246.79110412499998,1,0,24,3,0,0,4,1.95,0
766,2019,36,25740.00199455985,193.76455375,0,0,0,0,0,0,1,1.95,0
767,2019,82,36627.00057314413,186.33794450000002,1,0,6,4,8,1,1,1.95,0
768,2019,112,7047.99973203736,216.3734475,2,0,1,1,0,0,0,1.95,1
769,2019,88,24159.997988401396,134.51987875,0,0,9,1,0,0,1,1.95,0
770,2019,87,26046.000298337258,133.41779775,0,0,9,0,1,0,0,1.95,0
771,2019,134,13694.000196027024,168.8695755,0,0,0,0,0,0,0,1.95,0
772,2019,74,20276.000116417817,290.367921,0,0,4,1,0,0,2,1.95,0
773,2019,121,15364.001232222732,251.399355,0,0,32,1,1,0,2,1.95,1
774,2019,98,23147.99949856346,196.56126225,2,0,1,1,0,0,2,1.95,0
775,2019,107,22423.99972662877,198.44809375,1,0,3,0,0,0,0,1.95,0
776,2019,119,29611.999422862133,241.456171125,2,0,7,3,0,0,0,1.95,0
777,2019,138,24519.00020341552,203.41367750000003,0,0,12,0,0,0,2,1.95,1
778,2019,5,9968.00004096848,200.64205375,0,33,14,0,0,0,1,1.95,1
779,2019,129,31215.99833962105,115.32548025,0,0,0,0,0,0,1,1.95,0
780,2019,128,26682.99918881104,179.42135987500004,0,0,13,1,0,0,1,1.95,0
781,2019,32,24581.9976845052,135.26158625,1,0,108,0,0,0,1,1.95,0
782,2019,11,19717.99938398012,101.4301685,0,41,7,0,0,0,0,1.95,0
783,2019,117,47712.9957744442,118.416375,0,0,50,1,0,0,2,1.95,0
784,2019,42,30475.003570114815,117.71942837499999,2,0,1,4,0,0,4,1.95,0
785,2019,34,17309.00173783459,115.54681375000001,0,0,16,0,1,0,0,1.95,0
786,2019,20,13051.000605248824,136.96267849999998,0,40,1,0,0,0,0,1.95,0
787,2019,72,12644.99953670422,352.9063,1,0,42,0,2,0,3,1.95,1
788,2019,127,32323.998055566273,202.24911500000002,0,0,8,3,0,1,1,1.95,0
789,2019,122,23878.999251125228,221.42887750000003,0,0,5,2,0,0,2,1.95,0
790,2019,91,11945.00030842245,196.7350305,2,0,30,1,0,0,2,1.95,1
791,2019,26,38281.99159389591,325.544713875,0,0,4,5,1,0,2,1.95,1
792,2019,114,8382.99966494474,113.32459,0,0,20,0,0,0,0,1.95,0
793,2019,76,31303.001147945262,622.943465,1,0,3,8,2,0,4,1.95,0
794,2019,24,23003.99959733085,252.13006875,2,36,40,1,0,0,3,1.95,1
795,2019,51,56456.99546044895,120.22425112500001,1,0,17,0,0,0,0,1.95,0
796,2019,37,19045.000090331156,155.55263775,0,0,2,0,0,0,0,1.95,0
797,2019,131,50083.997674685896,119.29958225000001,0,0,0,1,0,0,1,1.95,0
798,2019,2,35323.99859794992,209.489307375,2,49,103,4,0,1,2,1.95,1
799,2019,71,12512.000602086911,370.64416375,0,0,50,1,2,0,3,1.95,0
800,2019,99,17812.00033228606,136.845944,0,0,2,0,0,0,0,1.95,0
801,2019,104,34915.99699945888,125.30073250000001,0,0,11,4,1,0,4,1.95,0
802,2019,69,8215.000130452929,196.28727625,0,0,39,3,1,0,2,1.95,0
803,2019,4,11045.000105281157,229.74196250000003,0,54,15,0,0,0,0,1.95,0
804,2019,62,22861.99985670172,204.48779762499998,0,0,48,1,0,0,3,1.95,0
805,2019,18,12366.999900613167,222.36597575000002,1,29,2,2,0,0,1,1.95,0
806,2019,80,14856.000784396841,196.890135,1,0,1,1,0,1,0,1.95,0
807,2019,45,37675.99924424737,134.3693625,0,0,12,0,0,0,0,1.95,0
808,2019,23,11966.999572129156,237.11039537499997,0,28,1,0,0,0,0,1.95,0
809,2019,67,8210.000865379492,330.38973375,0,0,3,0,0,0,0,1.95,0
810,2019,7,23803.001808414647,139.163120125,0,33,1,0,0,0,0,1.95,0
811,2019,137,57401.998211166014,183.79151125,3,0,26,5,1,0,4,1.95,1
812,2019,60,8269.00029344506,143.60865375,0,0,4,0,0,0,0,1.95,0
813,2019,52,24121.99978411793,114.52201412499998,0,0,0,0,0,0,1,1.95,0
814,2019,39,25483.001591791493,178.550395,0,0,1,0,0,0,0,1.95,0
815,2019,111,23543.00036692237,172.556595875,0,0,12,1,0,0,2,1.95,1
816,2019,41,10577.99940048663,178.43638750000002,2,0,0,1,0,0,0,1.95,0
817,2019,47,29022.0005232512,137.39576625,2,0,6,0,0,0,0,1.95,0
818,2019,113,19659.00072497869,265.14572499999997,1,0,2,2,0,0,0,1.95,1
819,2019,103,16343.000780447834,143.7924425,0,0,3,0,0,0,0,1.95,0
820,2019,30,18745.998601603234,182.70565750000003,1,0,3,1,0,0,0,1.95,0
821,2019,19,11277.999946858065,193.96169625,0,62,0,0,0,0,0,1.95,0
822,2019,132,46968.99949903178,159.6797905,2,0,228,6,0,0,2,1.95,0
823,2019,83,12719.999631689563,197.523590625,0,0,14,1,0,0,0,1.95,0
824,2019,29,10810.998565903605,107.5293825,0,0,0,0,0,0,0,1.95,0
825,2019,12,11061.000585400201,96.05821750000001,0,51,0,1,0,0,0,1.95,0
826,2019,116,26525.000007742066,92.83694625,0,0,0,0,1,0,0,1.95,0
827,2019,105,15575.00131214052,117.17495,0,0,1,0,0,0,1,1.95,0
828,2019,100,12946.00036412419,205.66197475,1,0,0,0,0,0,2,1.95,0
829,2019,135,18657.999089420384,176.86784012500001,0,0,26,1,0,0,2,1.95,1
830,2019,73,23265.998455350826,703.816775,9,0,36,6,2,1,6,1.95,0
831,2019,84,17381.000331473544,153.903685,0,0,3,0,0,0,0,1.95,0
832,2019,64,13350.999191600133,199.42327625000001,0,0,49,0,0,0,0,1.95,0
833,2019,50,17459.9998218638,169.67354125,0,0,1,0,0,0,0,1.95,0
834,2019,130,28742.002321221193,204.839591,1,0,0,1,0,0,0,1.95,0
835,2019,46,16726.999178628306,115.08340375,0,0,0,0,0,0,0,1.95,0
836,2019,94,15729.999152753968,141.44946725,0,0,21,3,1,0,0,1.95,0
837,2019,56,18289.99908909072,111.39967750000001,0,0,0,0,0,0,0,1.95,0
838,2019,108,15274.9998455452,183.3060575,0,0,1,3,0,0,0,1.95,0
839,2019,17,37838.9999325947,197.54750424999997,0,44,3,0,1,0,0,1.95,0
840,2020,97,14082.999566243614,77.220765,0,0,0,0,0,0,0,0.72,0
841,2020,27,30277.00224190537,414.918884625,1,0,4,8,2,0,1,0.72,1
842,2020,38,18145.999908186175,202.52397325000004,3,0,0,3,0,0,0,0.72,0
843,2020,31,17560.000366084514,376.56605137500003,1,0,48,4,0,0,0,0.72,0
844,2020,16,27410.00017073777,141.37176125000002,0,46,0,1,0,0,1,0.72,0
845,2020,118,29969.997954918552,126.37638500000001,1,0,15,3,0,0,0,0.72,0
846,2020,63,23364.001641735336,134.28778375000002,0,0,26,0,0,0,0,0.72,0
847,2020,3,10947.999974933946,205.516989875,0,60,30,1,0,0,1,0.72,1
848,2020,55,23518.0030458131,107.89606562499999,0,0,1,1,0,0,1,0.72,1
849,2020,59,18427.00155465234,122.103424875,2,0,6,0,0,0,1,0.72,0
850,2020,106,15853.999860988108,149.01602249999996,0,0,2,0,0,1,0,0.72,0
851,2020,14,51480.998000900036,184.53410712500002,2,57,5,3,1,0,0,0.72,0
852,2020,66,10352.999278833553,234.23163999999997,2,0,10,2,0,0,2,0.72,0
853,2020,28,10756.00063471877,174.32129874999998,0,0,7,0,0,0,0,0.72,1
854,2020,139,18116.00012491631,240.80922775,0,0,3,2,0,0,0,0.72,1
855,2020,85,24212.001636614907,214.76952125,2,0,10,1,0,1,2,0.72,1
856,2020,70,30224.99875051285,244.8304485,0,0,85,2,0,0,1,0.72,0
857,2020,40,20069.99924265613,127.678131375,0,0,19,1,0,0,0,0.72,0
858,2020,61,16651.00074173054,192.18064124999995,0,0,4,2,0,0,1,0.72,1
859,2020,21,13458.000459950643,359.45161499999995,0,36,12,1,0,0,3,0.72,1
860,2020,22,16794.00080730387,207.66344124999998,0,38,6,1,0,0,0,0.72,1
861,2020,133,14671.999654074632,92.86396074999999,0,0,0,0,0,0,0,0.72,0
862,2020,75,39279.00353904857,470.989544875,4,0,9,4,7,0,3,0.72,0
863,2020,120,29301.997404254453,188.98029112499998,0,0,8,1,0,1,1,0.72,0
864,2020,123,17715.000300140084,203.21760875,1,0,15,3,0,0,1,0.72,0
865,2020,44,23505.001287758332,106.89214475,2,0,51,2,0,0,3,0.72,1
866,2020,92,15139.000201402974,175.0445845,0,0,6,1,0,0,0,0.72,0
867,2020,125,14406.99992905553,124.93926625,0,0,12,0,1,0,1,0.72,1
868,2020,90,15622.999622683448,207.22653,0,0,16,1,1,0,0,0.72,0
869,2020,57,12371.999408673417,136.39670875,0,0,0,0,0,1,0,0.72,0
870,2020,10,12291.000246926194,106.785450625,0,47,0,0,0,0,0,0.72,0
871,2020,68,12585.0004239693,129.12196625,1,0,6,3,1,0,1,0.72,0
872,2020,13,13072.001380059735,133.87391487500003,0,26,8,1,0,0,1,0.72,0
873,2020,102,13587.999089656321,191.34531750000002,0,0,5,0,0,0,0,0.72,0
874,2020,25,33031.0004270851,261.496772375,1,26,83,2,1,1,1,0.72,1
875,2020,65,15469.999050485836,254.5249025,0,0,59,1,0,0,1,0.72,0
876,2020,140,10679.000122209023,103.00589824999999,0,0,0,0,0,0,0,0.72,0
877,2020,81,18270.000801176895,184.04487424999996,1,0,3,1,3,0,4,0.72,0
878,2020,43,19004.998574164634,149.30282625,0,0,37,3,0,0,1,0.72,1
879,2020,77,87808.00448841945,239.44286312499997,0,0,26,11,1,1,3,0.72,0
880,2020,136,29668.995184080348,266.271235375,2,0,26,1,0,0,4,0.72,1
881,2020,1,37133.00474172208,431.22015337500005,1,32,6,2,1,0,0,0.72,0
882,2020,35,28248.000572756908,111.06980800000001,0,0,1,1,0,0,2,0.72,0
883,2020,124,18406.999643783947,237.002232,1,0,16,1,0,0,3,0.72,1
884,2020,6,23317.997726330625,136.696985625,1,40,5,4,0,0,1,0.72,1
885,2020,49,14020.001083091818,106.990006,1,0,4,0,0,0,0,0.72,0
886,2020,33,18742.001155502938,170.739505,0,0,4,0,0,0,0,0.72,0
887,2020,110,12049.999603527314,180.49793124999997,0,0,1,3,0,0,2,0.72,1
888,2020,54,20156.002071396677,171.78505875000002,0,0,0,0,0,0,0,0.72,0
889,2020,58,9817.000326010715,115.87042499999998,0,0,0,0,0,0,0,0.72,0
890,2020,96,12333.99997674842,157.08610375,1,0,0,0,0,0,0,0.72,0
891,2020,78,21195.99919211266,547.2730912500001,2,0,76,3,1,0,11,0.72,0
892,2020,15,10327.001240569925,88.36059750000001,0,48,0,0,0,0,0,0.72,0
893,2020,89,10791.999311974743,123.93440375,0,0,1,0,0,0,0,0.72,0
894,2020,101,12450.00079680005,155.62248,0,0,0,0,0,0,0,0.72,0
895,2020,53,22545.000170781295,107.008205,0,0,0,4,0,0,1,0.72,0
896,2020,95,34679.99974561751,266.72433875,0,0,16,1,2,1,2,0.72,0
897,2020,109,10729.001024028408,114.17652000000001,0,0,0,0,0,1,1,0.72,0
898,2020,8,12325.000073883739,94.32048624999999,0,53,18,0,0,0,0,0.72,0
899,2020,86,16073.000700770464,222.42268675000003,0,0,11,2,2,0,2,0.72,0
900,2020,79,8433.00044303449,339.44027625,0,0,1,0,0,0,2,0.72,0
901,2020,48,18349.00056961249,100.82293,0,0,6,0,0,0,1,0.72,0
902,2020,115,14703.000994824331,155.58048325,0,0,1,0,0,0,1,0.72,1
903,2020,126,27051.00045982864,195.46411999999998,0,0,23,3,1,0,0,0.72,0
904,2020,9,17619.000477572496,92.2299765,0,37,0,0,0,0,0,0.72,0
905,2020,93,40354.99901408933,233.24247874999998,1,0,24,3,0,0,4,0.72,0
906,2020,36,26114.99978597055,198.16197749999998,0,0,0,0,0,0,1,0.72,0
907,2020,82,37930.999751335825,144.0114955,1,0,6,4,8,1,1,0.72,0
908,2020,112,7129.999975394512,178.82187999999996,2,0,1,1,0,0,0,0.72,1
909,2020,88,24556.99944121556,105.3671075,0,0,9,1,0,0,1,0.72,0
910,2020,87,26494.000029047664,112.289574875,0,0,9,0,1,0,0,0.72,0
911,2020,134,13943.000562674033,103.09832474999999,0,0,0,0,0,0,0,0.72,0
912,2020,74,20595.00170867418,272.51757875,0,0,4,1,0,0,2,0.72,0
913,2020,121,15735.000198410487,238.32220862499997,0,0,32,1,1,0,2,0.72,1
914,2020,98,23693.001691841975,202.59146825000002,2,0,1,1,0,0,2,0.72,0
915,2020,107,22588.000424110167,140.56135737499997,1,0,3,0,0,0,0,0.72,0
916,2020,119,29863.99878605662,221.8390125,2,0,7,3,0,0,0,0.72,0
917,2020,138,24885.000641600232,173.2971625,0,0,12,0,0,0,2,0.72,1
918,2020,5,10044.999493711664,184.17123875,0,33,14,0,0,0,1,0.72,1
919,2020,129,31618.003449799475,91.71989637499999,0,0,0,0,0,0,1,0.72,0
920,2020,128,27405.998297512797,169.214781,0,0,13,1,0,0,1,0.72,0
921,2020,32,25089.000080499973,140.00159387500003,1,0,108,0,0,0,1,0.72,0
922,2020,11,19924.001370441194,106.02789874999999,0,41,7,0,0,0,0,0.72,0
923,2020,117,48518.99658208303,99.960847125,0,0,50,1,0,0,2,0.72,0
924,2020,42,31185.997958171858,97.39948050000001,2,0,1,4,0,0,4,0.72,0
925,2020,34,17628.000247134296,146.074425,0,0,16,0,1,0,0,0.72,0
926,2020,20,13241.999464930834,162.3621875,0,40,1,0,0,0,0,0.72,0
927,2020,72,13130.998049051279,245.60204699999997,1,0,42,0,2,0,3,0.72,1
928,2020,127,32770.00135242509,157.53737525000003,0,0,8,3,0,1,1,0.72,0
929,2020,122,24182.000311851072,167.996855,0,0,5,2,0,0,2,0.72,0
930,2020,91,12073.999869625442,202.9153575,2,0,30,1,0,0,2,0.72,1
931,2020,26,38980.99941106661,298.54288437499997,0,0,4,5,1,0,2,0.72,1
932,2020,114,8433.000093458153,109.68812875,0,0,20,0,0,0,0,0.72,0
933,2020,76,32789.996446288285,407.51757999999995,1,0,3,8,2,0,4,0.72,0
934,2020,24,23205.99702329256,291.41174125,2,36,40,1,0,0,3,0.72,1
935,2020,51,57856.00273418741,111.699732,1,0,17,0,0,0,0,0.72,0
936,2020,37,19571.0004926766,166.06202637500002,0,0,2,0,0,0,0,0.72,0
937,2020,131,50789.998916906174,107.55070125,0,0,0,1,0,0,1,0.72,0
938,2020,2,35771.99938439851,162.48742312500002,2,49,103,4,0,1,2,0.72,1
939,2020,71,12655.000505817823,294.35004749999996,0,0,50,1,2,0,3,0.72,0
940,2020,99,17972.001324547007,118.93500125,0,0,2,0,0,0,0,0.72,0
941,2020,104,36332.99926542244,148.62521975,0,0,11,4,1,0,4,0.72,0
942,2020,69,8287.000247311493,191.56509625,0,0,39,3,1,0,2,0.72,0
943,2020,4,11094.999880493797,191.52771725000002,0,54,15,0,0,0,0,0.72,0
944,2020,62,23111.99914277839,205.52094912499996,0,0,48,1,0,0,3,0.72,0
945,2020,18,12539.000451261392,210.34372000000002,1,29,2,2,0,0,1,0.72,0
946,2020,80,14992.00053945192,138.40714549999998,1,0,1,1,0,1,0,0.72,0
947,2020,45,38257.00168101704,113.70467650000003,0,0,12,0,0,0,0,0.72,0
948,2020,23,12278.000132027431,208.7066275,0,28,1,0,0,0,0,0.72,0
949,2020,67,8257.000201974392,275.52379125,0,0,3,0,0,0,0,0.72,0
950,2020,7,24157.99867136669,132.46130375,0,33,1,0,0,0,0,0.72,0
951,2020,137,58108.99542280839,159.82895475000004,3,0,26,5,1,0,4,0.72,1
952,2020,60,8309.000455604171,138.40413249999997,0,0,4,0,0,0,0,0.72,0
953,2020,52,24799.001194517834,109.88345775,0,0,0,0,0,0,1,0.72,0
954,2020,39,26015.000059834503,158.5623675,0,0,1,0,0,0,0,0.72,0
955,2020,111,23751.00113067531,168.41395350000002,0,0,12,1,0,0,2,0.72,1
956,2020,41,10941.999308066408,169.07330625,2,0,0,1,0,0,0,0.72,0
957,2020,47,29406.000108674656,105.845745375,2,0,6,0,0,0,0,0.72,0
958,2020,113,20036.998950359106,276.98758749999996,1,0,2,2,0,0,0,0.72,1
959,2020,103,16585.0003790109,143.20168500000003,0,0,3,0,0,0,0,0.72,0
960,2020,30,18891.99951509573,173.353805,1,0,3,1,0,0,0,0.72,0
961,2020,19,11564.000923127129,203.21686375000002,0,62,0,0,0,0,0,0.72,0
962,2020,132,47547.9971305821,121.71911224999998,2,0,228,6,0,0,2,0.72,0
963,2020,83,12858.000758861985,217.763247375,0,0,14,1,0,0,0,0.72,0
964,2020,29,10946.9998869303,107.335344125,0,0,0,0,0,0,0,0.72,0
965,2020,12,11145.999714406596,136.8203875,0,51,0,1,0,0,0,0.72,0
966,2020,116,26911.001896426984,57.597261,0,0,0,0,1,0,0,0.72,0
967,2020,105,15750.99870930082,114.27846787499999,0,0,1,0,0,0,1,0.72,0
968,2020,100,13182.99946729099,195.327323375,1,0,0,0,0,0,2,0.72,0
969,2020,135,18858.998591268817,131.8998985,0,0,26,1,0,0,2,0.72,1
970,2020,73,23905.00115568628,689.7092325000001,9,0,36,6,2,1,6,0.72,0
971,2020,84,17740.999185443994,153.599015,0,0,3,0,0,0,0,0.72,0
972,2020,64,13484.00025610611,166.86442875,0,0,49,0,0,0,0,0.72,0
973,2020,50,17742.00185515045,144.431277875,0,0,1,0,0,0,0,0.72,0
974,2020,130,29165.998279206095,148.71769375000002,1,0,0,1,0,0,0,0.72,0
975,2020,46,16855.999304514942,114.94423825,0,0,0,0,0,0,0,0.72,0
976,2020,94,16037.00056770982,166.80176500000002,0,0,21,3,1,0,0,0.72,0
977,2020,56,18627.00007688873,113.41064,0,0,0,0,0,0,0,0.72,0
978,2020,108,15447.999158619014,207.95573375000004,0,0,1,3,0,0,0,0.72,0
979,2020,17,38739.00053630148,161.01344674999999,0,44,3,0,1,0,0,0.72,0
980,2021,97,957.9380732327295,1696.351826288889,0,0,0,0,0,0,0,3.4,0
981,2021,27,3080.8940455325564,3740.7972587411114,1,0,4,8,2,0,1,3.4,1
982,2021,38,1321.778222111073,2203.4710144855553,3,0,0,3,0,0,0,3.4,0
983,2021,31,2625.7776916908674,2308.839784565333,1,0,48,4,0,0,0,3.4,0
984,2021,16,1012.8306516354332,3196.486988987111,0,46,0,1,0,0,1,3.4,0
985,2021,118,971.5681910603806,3473.7654351533333,1,0,15,3,0,0,0,3.4,0
986,2021,63,1055.2962871340555,2736.1983882666664,0,0,26,0,0,0,0,3.4,0
987,2021,3,1455.0488909752578,1383.1150365340002,0,60,30,1,0,0,1,3.4,1
988,2021,55,996.1909487197946,2747.967147782222,0,0,1,1,0,0,1,3.4,1
989,2021,59,959.6555385760114,2162.234173189889,2,0,6,0,0,0,1,3.4,0
990,2021,106,935.5661248044576,1883.8860806,0,0,2,0,0,1,0,3.4,0
991,2021,14,1512.404074184452,6041.705491257224,2,57,5,3,1,0,0,3.4,0
992,2021,66,2141.8160120452753,1418.189042811111,2,0,10,2,0,0,2,3.4,0
993,2021,28,1117.567031545742,1331.0163578667778,0,0,7,0,0,0,0,3.4,1
994,2021,139,1446.7061963369106,2194.6404930311105,0,0,3,2,0,0,0,3.4,1
995,2021,85,1805.835420466926,2928.0076911066667,2,0,10,1,0,1,2,3.4,1
996,2021,70,2040.3667969836097,3614.5461741991107,0,0,85,2,0,0,1,3.4,0
997,2021,40,1140.6919557578635,2410.8173868666668,0,0,19,1,0,0,0,3.4,0
998,2021,61,1424.0149459274724,2010.1614861462222,0,0,4,2,0,0,1,3.4,1
999,2021,21,2829.357161854152,1859.9631290633333,0,36,12,1,0,0,3,3.4,1
1000,2021,22,1750.4145901325248,2070.9379483208886,0,38,6,1,0,0,0,3.4,1
1001,2021,133,772.2451612899506,1731.9629400666665,0,0,0,0,0,0,0,3.4,0
1002,2021,75,4148.133527041282,4984.169353571111,4,0,9,4,7,0,3,3.4,0
1003,2021,120,1772.5092434198498,3504.918252507223,0,0,8,1,0,1,1,3.4,0
1004,2021,123,1443.2194020293507,2165.2979412595555,1,0,15,3,0,0,1,3.4,0
1005,2021,44,1005.1034612592313,2748.473273128556,2,0,51,2,0,0,3,3.4,1
1006,2021,92,1360.6241927685328,1846.578954977778,0,0,6,1,0,0,0,3.4,0
1007,2021,125,1196.7139656411152,1733.914752877778,0,0,12,0,1,0,1,3.4,1
1008,2021,90,1511.3623233865046,1927.0693432888886,0,0,16,1,1,0,0,3.4,0
1009,2021,57,956.8945875981856,1489.1922459053337,0,0,0,0,0,1,0,3.4,0
1010,2021,10,839.1516522734489,1474.7036446241113,0,47,0,0,0,0,0,3.4,0
1011,2021,68,1125.495035749699,1532.658914706778,1,0,6,3,1,0,1,3.4,0
1012,2021,13,784.9576424348439,1560.593761722222,0,26,8,1,0,0,1,3.4,0
1013,2021,102,999.6382560807184,1625.5880465911112,0,0,5,0,0,0,0,3.4,0
1014,2021,25,1925.7589757418946,3901.0593197966664,1,26,83,2,1,1,1,3.4,1
1015,2021,65,1587.8451122198392,1905.097655130222,0,0,59,1,0,0,1,3.4,0
1016,2021,140,916.2795739205068,1296.0018249877776,0,0,0,0,0,0,0,3.4,0
1017,2021,81,1416.439365816924,2215.061283749667,1,0,3,1,3,0,4,3.4,0
1018,2021,43,1342.7788343701297,2280.718106073333,0,0,37,3,0,0,1,3.4,1
1019,2021,77,2179.8919597335716,10315.878224877,0,0,26,11,1,1,3,3.4,0
1020,2021,136,2315.1112430709827,3590.540206168889,2,0,26,1,0,0,4,3.4,1
1021,2021,1,3600.9226838302156,4582.158921126666,1,32,6,2,1,0,0,3.4,0
1022,2021,35,960.8427165571991,3278.372147407,0,0,1,1,0,0,2,3.4,0
1023,2021,124,1917.0595673251107,2282.1408758333337,1,0,16,1,0,0,3,3.4,1
1024,2021,6,1441.4204567766608,2757.696396850778,1,40,5,4,0,0,1,3.4,1
1025,2021,49,733.9652992192234,1651.9854566555553,1,0,4,0,0,0,0,3.4,0
1026,2021,33,1643.4449622017619,2312.2161601986663,0,0,4,0,0,0,0,3.4,0
1027,2021,110,1396.4325169314739,1503.832068172222,0,0,1,3,0,0,2,3.4,1
1028,2021,54,1492.360081786751,2420.662442052778,0,0,0,0,0,0,0,3.4,0
1029,2021,58,1024.4072294206142,1208.0156840555558,0,0,0,0,0,0,0,3.4,0
1030,2021,96,949.6650143545659,1500.529111276667,1,0,0,0,0,0,0,3.4,0
1031,2021,78,3061.538595005439,2772.2988741172217,2,0,76,3,1,0,11,3.4,0
1032,2021,15,1075.1425932813245,1290.5264926444443,0,48,0,0,0,0,0,3.4,0
1033,2021,89,953.2392210623316,1311.3182634333332,0,0,1,0,0,0,0,3.4,0
1034,2021,101,1153.3505099074303,1538.994420822222,0,0,0,0,0,0,0,3.4,0
1035,2021,53,1220.1976901974388,2765.945245687111,0,0,0,4,0,0,1,3.4,0
1036,2021,95,2083.217533751089,4182.232464370667,0,0,16,1,2,1,2,3.4,0
1037,2021,109,1041.4153913031648,1320.3184929688887,0,0,0,0,0,1,1,3.4,0
1038,2021,8,955.9028593205028,1490.73725024,0,53,18,0,0,0,0,3.4,0
1039,2021,86,1589.4769291346731,1981.7840336411116,0,0,11,2,2,0,2,3.4,0
1040,2021,79,1888.098800666942,1185.0545105,0,0,1,0,0,0,2,3.4,0
1041,2021,48,999.883739680588,2175.252895596444,0,0,6,0,0,0,1,3.4,0
1042,2021,115,1317.3709476626946,1793.3445429258888,0,0,1,0,0,0,1,3.4,1
1043,2021,126,1350.7728859087695,3192.6166456166666,0,0,23,3,1,0,0,3.4,0
1044,2021,9,645.4907864421062,2072.066756168889,0,37,0,0,0,0,0,3.4,0
1045,2021,93,1463.5718584868835,4705.952741617111,1,0,24,3,0,0,4,3.4,0
1046,2021,36,1774.391100730709,3134.878211297,0,0,0,0,0,0,1,3.4,0
1047,2021,82,1434.8260657685018,4504.030247414445,1,0,6,4,8,1,1,3.4,0
1048,2021,112,1529.8030760571608,988.6893441855557,2,0,1,1,0,0,0,3.4,1
1049,2021,88,893.1999986530857,2854.9037212777775,0,0,9,1,0,0,1,3.4,0
1050,2021,87,727.9845657360395,3073.5541731406665,0,0,9,0,1,0,0,3.4,0
1051,2021,134,767.2356151383987,1661.8102377455557,0,0,0,0,0,0,0,3.4,0
1052,2021,74,1949.1094330347933,2539.621386108,0,0,4,1,0,0,2,3.4,0
1053,2021,121,2074.807542865784,2012.2348284088891,0,0,32,1,1,0,2,3.4,1
1054,2021,98,1546.361766722319,2845.388507843333,2,0,1,1,0,0,2,3.4,0
1055,2021,107,1147.3009553521244,2647.518060392222,1,0,3,0,0,0,0,3.4,0
1056,2021,119,1997.4230666282872,3560.8380211640006,2,0,7,3,0,0,0,3.4,0
1057,2021,138,1326.7707210190251,2939.467941382222,0,0,12,0,0,0,2,3.4,1
1058,2021,5,1547.5256624088054,1300.4630869044443,0,33,14,0,0,0,1,3.4,1
1059,2021,129,584.4411768231969,3614.563935215445,0,0,0,0,0,0,1,3.4,0
1060,2021,128,1360.025635269498,3262.8061449155553,0,0,13,1,0,0,1,3.4,0
1061,2021,32,973.2567130339778,2941.1561838362227,1,0,108,0,0,0,1,3.4,0
1062,2021,11,871.2804748135832,2324.165476603,0,41,7,0,0,0,0,3.4,0
1063,2021,117,737.6384727073566,5558.27841374889,0,0,50,1,0,0,2,3.4,0
1064,2021,42,684.597663598185,3615.2621190548884,2,0,1,4,0,0,4,3.4,0
1065,2021,34,946.7871101516494,2099.2047511944443,0,0,16,0,1,0,0,3.4,0
1066,2021,20,1005.3608565616274,1603.9017129777776,0,40,1,0,0,0,0,3.4,0
1067,2021,72,1951.5183480987407,1729.4226330426668,1,0,42,0,2,0,3,3.4,1
1068,2021,127,1452.0780176302849,3839.3253890711107,0,0,8,3,0,1,1,3.4,0
1069,2021,122,1303.2836530468614,2848.5740547123332,0,0,5,2,0,0,2,3.4,0
1070,2021,91,1324.5906632563863,1500.463543291111,2,0,30,1,0,0,2,3.4,1
1071,2021,26,2516.7909416301195,4663.676988759999,0,0,4,5,1,0,2,3.4,1
1072,2021,114,711.8854162326439,1018.42232397,0,0,20,0,0,0,0,3.4,0
1073,2021,76,2738.915359254054,4066.3907200963336,1,0,3,8,2,0,4,3.4,0
1074,2021,24,1829.0053152025555,2795.235179201111,2,36,40,1,0,0,3,3.4,1
1075,2021,51,1066.3537461744882,6669.92545908511,1,0,17,0,0,0,0,3.4,0
1076,2021,37,1268.6337736147143,2354.895527877778,0,0,2,0,0,0,0,3.4,0
1077,2021,131,948.8622421430791,5835.936718794001,0,0,0,1,0,0,1,3.4,0
1078,2021,2,1345.061421758363,4163.378645325556,2,49,103,4,0,1,2,3.4,1
1079,2021,71,2014.6707056103905,1656.5982672532225,0,0,50,1,2,0,3,3.4,0
1080,2021,99,901.1871988579273,2122.2005843222223,0,0,2,0,0,0,0,3.4,0
1081,2021,104,1192.9383443213137,4327.549721722667,0,0,11,4,1,0,4,3.4,0
1082,2021,69,1238.1459678036074,1070.1484594344447,0,0,39,3,1,0,2,3.4,0
1083,2021,4,1656.2886092788222,1426.3818435777778,0,54,15,0,0,0,0,3.4,0
1084,2021,62,1872.3016254501256,2790.6828306811103,0,0,48,1,0,0,3,3.4,0
1085,2021,18,1549.1464198595993,1581.516097246667,1,29,2,2,0,0,1,3.4,0
1086,2021,80,1034.957736723825,1787.512604965111,1,0,1,1,0,1,0,3.4,0
1087,2021,45,960.4551321444459,4424.985465495778,0,0,12,0,0,0,0,3.4,0
1088,2021,23,1539.495523745585,1567.0717860422221,0,28,1,0,0,0,0,3.4,0
1089,2021,67,1780.5227496976138,1137.3064457300002,0,0,3,0,0,0,0,3.4,0
1090,2021,7,909.165190870015,2818.519698876555,0,33,1,0,0,0,0,3.4,0
1091,2021,137,1367.0685000163248,6674.866694603112,3,0,26,5,1,0,4,3.4,1
1092,2021,60,999.774337243072,1037.7341779555559,0,0,4,0,0,0,0,3.4,0
1093,2021,52,865.4743671937088,2917.4751970844445,0,0,0,0,0,0,1,3.4,0
1094,2021,39,980.1537719267889,3060.744228023111,0,0,1,0,0,0,0,3.4,0
1095,2021,111,1325.6662709922643,2800.4785829099997,0,0,12,1,0,0,2,3.4,1
1096,2021,41,1086.0075899834346,1381.2058164555556,2,0,0,1,0,0,0,3.4,0
1097,2021,47,1028.1872715945613,3416.20646067,2,0,6,0,0,0,0,3.4,0
1098,2021,113,2058.6649584957718,2489.477454235556,1,0,2,2,0,0,0,3.4,1
1099,2021,103,992.5026637609711,1977.324667888889,0,0,3,0,0,0,0,3.4,0
1100,2021,30,1492.9655111505629,2268.97404842889,1,0,3,1,0,0,0,3.4,0
1101,2021,19,1673.980966752018,1493.4458931457777,0,62,0,0,0,0,0,3.4,0
1102,2021,132,988.1559181616196,5452.074820361333,2,0,228,6,0,0,2,3.4,0
1103,2021,83,1294.180937322258,1584.0134411511108,0,0,14,1,0,0,0,3.4,0
1104,2021,29,766.2823067815392,1305.0020744966669,0,0,0,0,0,0,0,3.4,0
1105,2021,12,802.3542961223538,1339.8071216111111,0,51,0,1,0,0,0,3.4,0
1106,2021,116,601.5738792231917,3096.0453309658888,0,0,0,0,1,0,0,3.4,0
1107,2021,105,932.1322483081404,1877.4160031222225,0,0,1,0,0,0,1,3.4,0
1108,2021,100,1184.5267525813326,1625.121590377778,1,0,0,0,0,0,2,3.4,0
1109,2021,135,909.3060203982415,2213.2263009966673,0,0,26,1,0,0,2,3.4,1
1110,2021,73,4171.225217017947,3209.4886522504444,9,0,36,6,2,1,6,3.4,0
1111,2021,84,1151.6073498027492,2127.4612396487773,0,0,3,0,0,0,0,3.4,0
1112,2021,64,1260.9232481578656,1645.6195910666668,0,0,49,0,0,0,0,3.4,0
1113,2021,50,1190.792487555744,2130.933833155555,0,0,1,0,0,0,0,3.4,0
1114,2021,130,1204.2244825573412,3415.0609455028884,1,0,0,1,0,0,0,3.4,0
1115,2021,46,887.1726686898744,1986.6482165222228,0,0,0,0,0,0,0,3.4,0
1116,2021,94,831.7226939169775,1908.689051784445,0,0,21,3,1,0,0,3.4,0
1117,2021,56,1245.1039407519377,2258.847561193556,0,0,0,0,0,0,0,3.4,0
1118,2021,108,1460.4433119277696,1891.5489409537777,0,0,1,3,0,0,0,3.4,0
1119,2021,17,1543.668591382268,4591.335238384,0,44,3,0,1,0,0,3.4,0
